amount,project,uuid,provider,currency,Legal entity,operation_type,date,buyer_country
917.13,projectC,00f13fde-8dbf-4cec-9bff-a3b6cb997cf0,stripe,GBP,proto-m,DISCOUNT_FEE,10/30/2025,LS
629.63,projectB,4867d7ee-a291-484f-b7e8-fc1c6245d3e2,Nuvei,EUR,proto-m,CHARGEBACK,10/9/2025,JP
636.13,projectC,59186dc3-429d-4b00-af1a-882187f0918f,stripe,USD,metasa-m,SALE,10/22/2025,KE
875.86,projectB,33ed7828-f68d-4275-b22f-e7604dd0557e,Nuvei,GBP,metasa-m,CHARGEBACK,10/3/2025,MQ
921.82,projectC,53ec6b01-e1d3-40b0-9816-69b96627e990,FS Acquiring,GBP,proto-m,DISCOUNT_FEE,10/16/2025,TT
240.55,projectA,dc7184c9-1ff1-49ae-bb7b-89786cd61968,FS Acquiring,GBP,ninja corp,VAT,10/18/2025,CY
599.17,projectB,c38b007f-b045-4b18-a667-b56f3daaa83b,FS Acquiring,GBP,metasa-m,DISCOUNT_FEE,10/11/2025,UZ
69.51,projectA,cfe811ba-e11f-4564-b20f-8f487b54885d,Nuvei,USD,ninja corp,VAT,10/15/2025,MG
433.03,projectA,2b6684c5-f2b7-48b8-bc09-b4b076e75000,FS Acquiring,GBP,proto-m,DISCOUNT_FEE,10/5/2025,BO
892.62,projectC,587425ed-5273-4e6b-aefe-5503e218c9eb,FS Acquiring,GBP,metasa-m,CAPTURE_FEE,10/12/2025,HK
560.18,projectB,69304d58-36da-40ec-9ff1-4b15effeb9da,FS Acquiring,USD,ninja corp,DISCOUNT_FEE,10/19/2025,IO
840.17,projectC,ddfaf313-f8b4-48b1-bc68-ef9752567bb0,stripe,EUR,metasa-m,CHARGEBACK,10/27/2025,UM
71.02,projectB,6f3079ff-937c-4290-8350-dfa70656e73c,FS Acquiring,EUR,metasa-m,DISCOUNT_FEE,10/8/2025,NU
905.82,projectC,3090c094-8b0d-4ed5-a2f0-06d5309f0c63,stripe,GBP,ninja corp,CAPTURE_FEE,10/9/2025,SY
242.18,projectC,72256e26-4901-45c8-9009-022fa66c1027,FS Acquiring,EUR,ninja corp,DISCOUNT_FEE,10/29/2025,CY
559.45,projectC,19478e29-c024-47f7-9c4a-91971beea9f9,Nuvei,USD,proto-m,VAT,10/22/2025,TN
363.15,projectA,dc42eeb7-41b9-4257-a64d-e46e522d434d,Nuvei,EUR,ninja corp,CHARGEBACK,10/10/2025,CF
164.04,projectB,68c8b0e7-4a7b-4c3b-bda9-82c388e9c599,FS Acquiring,USD,metasa-m,CHARGEBACK,10/22/2025,CV
156.4,projectA,2f768977-6390-4bee-9454-a7a59e261622,FS Acquiring,USD,metasa-m,VAT,10/7/2025,MY
374.17,projectC,caa65ddb-6351-4f99-a69a-631cce0238b1,stripe,GBP,ninja corp,CHARGEBACK,10/2/2025,PL
691.64,projectB,c48b78f7-4449-407b-8441-b35a229cd6e7,stripe,USD,ninja corp,SALE,10/13/2025,SY
841.2,projectB,14227095-86d8-40a9-9512-3857cb5fb4e4,stripe,GBP,metasa-m,CHARGEBACK,10/8/2025,DM
697.25,projectA,de950c92-28da-49c7-9e00-983917f336df,Nuvei,EUR,ninja corp,CHARGEBACK,10/1/2025,KZ
374.27,projectC,0f6f0d9a-2835-4281-97d1-53b534c6657c,Nuvei,EUR,ninja corp,DISCOUNT_FEE,10/4/2025,EG
926.58,projectC,37153b25-3320-4b9f-9d90-1e0c624b5270,FS Acquiring,EUR,proto-m,CAPTURE_FEE,10/27/2025,IS
435.22,projectB,cb936c62-2c62-457f-bc54-be92c12030e2,Nuvei,USD,proto-m,VAT,10/11/2025,MN
572.72,projectC,11295ea9-f882-4b0f-98f8-a84f984f73e9,FS Acquiring,USD,proto-m,DISCOUNT_FEE,10/20/2025,TN
668.96,projectB,7b02a878-452c-42f0-b331-3ba4e8945a03,Nuvei,USD,metasa-m,SALE,10/1/2025,BD
380.08,projectB,7706cb2b-0d16-4b6b-91a9-4c3a42cc24b8,Nuvei,GBP,metasa-m,CHARGEBACK,10/1/2025,MP
458.28,projectB,962af81d-16c4-491a-b7b0-303d8a66de05,stripe,EUR,metasa-m,REFUND,10/17/2025,JM
13.62,projectC,1b99f01a-981f-44a2-8553-91558a7531a7,FS Acquiring,EUR,ninja corp,DISCOUNT_FEE,10/22/2025,EC
243.31,projectA,76e7e67a-0cf9-4d83-b6e2-95176a8e5d2e,FS Acquiring,USD,metasa-m,DISCOUNT_FEE,10/22/2025,KN
373.95,projectB,b1bb3e28-95fb-423c-8b8a-bbbff0847f50,stripe,GBP,proto-m,CHARGEBACK,10/29/2025,GU
94.37,projectC,d177ddf2-b354-41f2-a09a-5165e939d832,Nuvei,GBP,proto-m,DISCOUNT_FEE,10/20/2025,MK
278.12,projectB,d1fe5e3d-6cb5-4f33-aced-e39ac50ab1b7,Nuvei,GBP,ninja corp,REFUND,10/14/2025,PM
770,projectB,ac131dcd-6317-4d5b-8e98-2303509f4a65,FS Acquiring,GBP,proto-m,SALE,10/3/2025,FM
247.72,projectC,3592ec72-e336-40af-8516-172f93d50b5f,stripe,EUR,metasa-m,VAT,10/6/2025,PF
82.26,projectC,2b56d820-19d2-4df7-b023-5e8ae700995f,stripe,GBP,ninja corp,VAT,10/15/2025,LB
259.32,projectA,950cac15-795b-4618-952d-514bd7239cba,stripe,EUR,ninja corp,REFUND,10/21/2025,BR
823.9,projectC,81dedb44-b7e6-4211-8267-6e9bd8e83034,Nuvei,GBP,ninja corp,CAPTURE_FEE,10/17/2025,TR
153.35,projectC,bf2f4180-9b22-4830-a5d2-de47dc7c6417,stripe,GBP,proto-m,DISCOUNT_FEE,10/20/2025,TR
593.96,projectC,240ae28a-fbf9-4803-91c8-bd48fc51a858,stripe,GBP,metasa-m,REFUND,10/4/2025,NC
894.07,projectC,29c7845c-27f5-49bb-a28d-7641af30cfe0,FS Acquiring,EUR,proto-m,VAT,10/27/2025,AD
682.7,projectA,8469edc4-3f39-45af-b99b-ebefaeedd600,stripe,GBP,proto-m,DISCOUNT_FEE,10/15/2025,BE
988.77,projectC,eda2fa66-29dc-4421-80f0-0a766a204b47,Nuvei,EUR,ninja corp,CAPTURE_FEE,10/18/2025,ME
585.11,projectC,4333f0b2-8c3d-4675-894b-8dab1f3e1636,FS Acquiring,USD,ninja corp,CHARGEBACK,10/21/2025,FO
430.35,projectC,ba93705a-19c0-4236-b707-62bb6c706fe2,stripe,EUR,metasa-m,DISCOUNT_FEE,10/9/2025,TN
266.08,projectA,2937aaf7-10dd-487f-9ee7-c59ddf9d2dfd,Nuvei,EUR,proto-m,DISCOUNT_FEE,10/6/2025,GT
748.85,projectB,8f9dffca-6fd8-4112-8b61-abe82cadb151,Nuvei,USD,ninja corp,CAPTURE_FEE,10/23/2025,NZ
371.44,projectB,70051034-aeaa-4b19-bf7f-35a3cfe7c1b8,FS Acquiring,USD,ninja corp,VAT,10/11/2025,LC
819.2,projectA,d8e25e26-5871-4812-97b5-e96db0fb9e31,Nuvei,USD,metasa-m,VAT,10/20/2025,MR
839.86,projectC,c5ed4514-ee92-4fa2-801e-d4ef0ad12bd5,FS Acquiring,GBP,proto-m,CHARGEBACK,10/9/2025,WF
242.31,projectA,c8b8acef-b69d-4676-9b50-7a005e9cb60c,FS Acquiring,EUR,ninja corp,CAPTURE_FEE,10/12/2025,IN
280.56,projectA,148e8b56-61be-4c53-b2d8-ed57ac4aa589,FS Acquiring,USD,metasa-m,REFUND,10/12/2025,AO
634.39,projectB,0c9489d4-04f4-4daa-a9fa-fc9ee3199de1,stripe,GBP,ninja corp,DISCOUNT_FEE,10/31/2025,TD
170.95,projectB,63458243-05df-4399-98a6-cfc6ca54e30d,stripe,GBP,ninja corp,VAT,10/24/2025,AU
525.65,projectA,46130715-cb97-451d-ae38-11037578f51f,stripe,GBP,proto-m,SALE,10/3/2025,AF
439.7,projectC,a99e3370-4c7c-476d-8f3e-26bf09a058c7,Nuvei,EUR,proto-m,CHARGEBACK,10/25/2025,FI
406.11,projectC,b760488c-158a-4983-8541-dcc4d0ef0043,stripe,EUR,ninja corp,REFUND,10/10/2025,KR
488.23,projectA,57da2207-e41b-4271-bff6-8d47d853f0af,stripe,USD,proto-m,VAT,10/7/2025,LT
87.23,projectA,2ef4b689-3057-4dc9-af78-9c4b2a186964,FS Acquiring,GBP,proto-m,DISCOUNT_FEE,10/7/2025,GG
581.95,projectB,b66bb2e0-3b13-4de8-b1bb-5773c3a6af72,Nuvei,GBP,proto-m,SALE,10/22/2025,LY
49.03,projectB,4f91c825-72bf-4e3a-9a0a-f323621ab805,Nuvei,GBP,metasa-m,VAT,10/9/2025,MQ
424.34,projectB,1835a767-6981-4788-a6f2-6a0ff1bb5593,stripe,GBP,ninja corp,VAT,10/7/2025,US
317.62,projectA,de327ddf-797f-4c6d-b266-6e74a7df105a,stripe,USD,metasa-m,DISCOUNT_FEE,10/13/2025,VC
178.91,projectB,a3fa08b2-43ca-4275-9315-1102baff447e,stripe,EUR,metasa-m,CAPTURE_FEE,10/26/2025,ID
309.65,projectC,5621e5ec-1cb8-436d-9611-304e2c528ddf,stripe,USD,metasa-m,CHARGEBACK,10/21/2025,LB
221.88,projectB,7c678150-d495-4d94-b0f3-bc3b1c2f5a11,stripe,GBP,metasa-m,DISCOUNT_FEE,10/31/2025,BQ
362.79,projectC,ee4459e0-a682-455c-b439-64d765728167,Nuvei,EUR,metasa-m,CAPTURE_FEE,10/7/2025,BW
608.43,projectC,464a36bd-da77-47a8-bc88-466da0eaa835,stripe,EUR,metasa-m,CHARGEBACK,10/4/2025,EE
7.86,projectC,ec18e13a-fe1f-4b8d-9b45-8a222a6905a8,Nuvei,EUR,metasa-m,CHARGEBACK,10/25/2025,DE
941.32,projectC,bfd3f6e6-a0b0-4aef-a351-8d0b2b2680f5,FS Acquiring,USD,metasa-m,REFUND,10/5/2025,LA
554.7,projectC,ee03a4cd-813c-4f9a-af3e-ac2b9d47c48e,FS Acquiring,GBP,proto-m,CHARGEBACK,10/6/2025,SG
170.77,projectB,551da45a-90ad-4426-804f-ea4e59c1ad5a,Nuvei,GBP,proto-m,CHARGEBACK,10/5/2025,CY
24.75,projectB,50ca7fb0-ab17-4f59-8e6b-c3875a1c39f1,FS Acquiring,USD,metasa-m,SALE,10/19/2025,PF
151.8,projectA,9f052feb-b741-4f52-bd12-8242c79ac8f3,FS Acquiring,EUR,metasa-m,CAPTURE_FEE,10/26/2025,RW
478.56,projectB,e1adbc09-e6b0-441c-b95b-b4881e1b1d53,stripe,GBP,proto-m,VAT,10/25/2025,BG
522.33,projectC,14ef00a6-7959-4c53-a854-5ab25d00b3cf,Nuvei,GBP,metasa-m,VAT,10/7/2025,LY
245.34,projectB,21f004e4-7d68-46bc-97d0-df5122373ff8,stripe,USD,metasa-m,CHARGEBACK,10/4/2025,CL
650.8,projectC,5d145abb-0949-4e43-aaa1-bc679e48b868,Nuvei,USD,metasa-m,DISCOUNT_FEE,10/28/2025,ZW
729.94,projectC,7602c88c-a36e-459b-80cd-bfa5f9b0a5e4,stripe,EUR,ninja corp,SALE,10/9/2025,VC
57.63,projectC,44961a1a-d334-4a6b-a348-e0ad4e298131,Nuvei,GBP,metasa-m,SALE,10/9/2025,MA
663.77,projectB,8c9704e7-7ecd-4aa3-97ba-318d800276c2,stripe,GBP,ninja corp,REFUND,10/5/2025,NL
395.49,projectB,2c3f8558-669d-4e4c-a9bd-0ed1e016eb00,stripe,USD,metasa-m,SALE,10/22/2025,ZM
758.55,projectC,7fbe2bc5-6908-447e-815b-74c1e8e877e2,Nuvei,EUR,proto-m,CHARGEBACK,10/11/2025,MQ
855.04,projectB,48ca9bb9-a56b-438d-9747-2021fa00b730,FS Acquiring,USD,metasa-m,DISCOUNT_FEE,10/29/2025,PR
5.43,projectC,1a12290d-e4f1-4f86-8c78-eec3761b13eb,FS Acquiring,GBP,metasa-m,VAT,10/24/2025,BE
782.56,projectA,1643fff9-c496-409d-9c99-b34f2f148af8,stripe,GBP,metasa-m,VAT,10/7/2025,SV
506.18,projectC,4661b9c8-4684-4a69-a1ef-a8555208beb4,Nuvei,EUR,ninja corp,VAT,10/18/2025,UA
539,projectB,3cf41cc5-495f-4a63-a665-5f1f39181c7c,Nuvei,EUR,metasa-m,REFUND,10/22/2025,BE
387.03,projectC,eced8c89-890e-4be7-9415-decbb0c418f1,Nuvei,GBP,ninja corp,REFUND,10/4/2025,SY
768.38,projectA,618d0d01-7075-4def-bef9-d2578fd8a93f,FS Acquiring,USD,metasa-m,SALE,10/21/2025,KH
837.12,projectA,753280c5-74ca-4e18-b612-d05f0decf3bb,FS Acquiring,EUR,metasa-m,CAPTURE_FEE,10/9/2025,TJ
986.19,projectB,b8e8d82f-5085-4792-bd47-74ce22ce85cf,FS Acquiring,EUR,proto-m,CHARGEBACK,10/9/2025,TD
268.39,projectA,32e05406-9d45-46a3-be4a-383abbc47418,Nuvei,GBP,metasa-m,CAPTURE_FEE,10/15/2025,KW
144.8,projectB,fbaefa0c-9b1a-4da6-a538-99eafbe960d6,FS Acquiring,GBP,ninja corp,CHARGEBACK,10/1/2025,ES
30.07,projectB,11abacc6-c201-4fe2-a665-96be6e32b0d2,FS Acquiring,EUR,ninja corp,REFUND,10/18/2025,VN
366.35,projectB,bba28c31-7449-498a-a4c9-f937b0eca83a,stripe,GBP,metasa-m,DISCOUNT_FEE,10/13/2025,KI
1.46,projectB,a1f24bcd-553a-4e01-bf8c-13fbdd7f09ac,Nuvei,GBP,ninja corp,REFUND,10/12/2025,CL
530.14,projectC,40c48d75-b844-46bb-b450-c75407a9c40c,FS Acquiring,GBP,metasa-m,CHARGEBACK,10/20/2025,TW
977.61,projectB,11daa186-6057-4fd6-a9e7-e5c0c83abf5a,FS Acquiring,EUR,ninja corp,REFUND,10/8/2025,MZ
296.79,projectC,dabfa8b4-d4de-4e19-a9da-a96f1e918127,FS Acquiring,EUR,ninja corp,CHARGEBACK,10/7/2025,CZ
707.67,projectB,4ae7d403-26ff-4e23-8148-5e9ba12ca2ac,Nuvei,EUR,metasa-m,VAT,10/23/2025,LU
880.26,projectC,1ff1c868-37c6-4326-99e8-7886fceada4a,FS Acquiring,USD,ninja corp,REFUND,10/13/2025,SK
905.61,projectA,d8d7a871-0ed5-4b81-b2f0-a9d5b41513ff,Nuvei,USD,ninja corp,CAPTURE_FEE,10/16/2025,GP
624.79,projectC,119c0f82-5e8b-44e9-976a-0820014e2f2f,Nuvei,USD,ninja corp,SALE,10/5/2025,UZ
632.17,projectC,7e4273ae-895b-4225-b1e5-e5abe544482b,stripe,USD,metasa-m,REFUND,10/16/2025,DE
395.45,projectC,9af6f2d6-5b50-41a4-8c3d-c31f6186c24f,FS Acquiring,EUR,metasa-m,CAPTURE_FEE,10/15/2025,AZ
182.15,projectC,d4410223-9d65-4450-8616-5e2364beac23,stripe,EUR,metasa-m,REFUND,10/18/2025,HM
343.49,projectA,216c259d-893b-4f0b-82a6-5596944cfc5f,stripe,GBP,proto-m,REFUND,10/8/2025,TV
512.49,projectA,176e13a8-6e8d-4cfc-bad6-424b1764e915,Nuvei,USD,metasa-m,REFUND,10/16/2025,LS
922.5,projectC,492895a0-15ca-4a55-93a1-77d0004eb675,Nuvei,EUR,proto-m,CHARGEBACK,10/23/2025,GW
512.77,projectA,bfe0d0c9-a836-4afd-9478-f410fdc82e1c,stripe,GBP,metasa-m,CAPTURE_FEE,10/31/2025,ZA
9.4,projectA,b8a05495-c1e4-47ef-bd7a-423c4d48b092,FS Acquiring,USD,ninja corp,REFUND,10/10/2025,CV
280.47,projectB,43665666-8b04-4498-86b4-88e040655d2f,Nuvei,EUR,ninja corp,REFUND,10/31/2025,AQ
990.34,projectA,98c69117-7d2c-4e93-a55c-b784cb461dd2,FS Acquiring,USD,proto-m,CHARGEBACK,10/3/2025,MF
746.87,projectA,320a21fb-8d87-4af5-b3ef-09f849b49c9d,Nuvei,USD,metasa-m,VAT,10/23/2025,VI
691.23,projectA,877e00cf-9f6d-4deb-8296-50c0eea8b789,stripe,USD,metasa-m,SALE,10/18/2025,JM
97.34,projectA,956dc1eb-7f95-4bc0-85c1-d7bde38a21cd,Nuvei,EUR,ninja corp,VAT,10/20/2025,AU
511,projectC,790a5cb0-f106-4eb1-b64e-eb653206ebd8,Nuvei,EUR,ninja corp,SALE,10/8/2025,OM
450.88,projectC,6d0ae628-13ea-4488-bbcd-9c8523a4f9b5,stripe,GBP,ninja corp,CAPTURE_FEE,10/16/2025,LU
60.59,projectA,ffc74484-7684-42f2-9fb8-292693710261,stripe,GBP,proto-m,CHARGEBACK,10/7/2025,DZ
553.02,projectC,7dd4b35b-b56b-469c-817e-9c274b5fc004,stripe,EUR,ninja corp,DISCOUNT_FEE,10/24/2025,MA
951.85,projectC,9c4dfa94-292c-4f94-b201-9289d2b096f5,Nuvei,GBP,metasa-m,REFUND,10/4/2025,RU
490.22,projectB,08657734-43ba-4c25-8f61-e97f27409333,stripe,USD,proto-m,VAT,10/7/2025,NU
125.74,projectA,e1d6cb98-3e38-44da-b073-0c1e9ed70e00,Nuvei,USD,proto-m,VAT,10/4/2025,NG
585.51,projectC,2a485cb2-5461-443d-b4ba-efada0740dce,Nuvei,USD,metasa-m,CHARGEBACK,10/4/2025,ST
186.31,projectC,e5579f28-1d5c-46c1-a8f8-e9c5d0efbc99,Nuvei,EUR,proto-m,CAPTURE_FEE,10/2/2025,SX
20.05,projectA,5d3b9e0d-154d-4d88-8012-24f84cac127e,FS Acquiring,EUR,metasa-m,DISCOUNT_FEE,10/18/2025,GE
340.34,projectA,ff421498-ea1e-4817-9894-668b620f211f,Nuvei,USD,ninja corp,CAPTURE_FEE,10/16/2025,SA
83.09,projectB,fc9983ba-8bcd-440b-a107-d28e3c12608b,Nuvei,EUR,ninja corp,CAPTURE_FEE,10/9/2025,VE
445.7,projectC,03999ae6-2cb5-49d4-ad06-dd9fed712e0a,FS Acquiring,USD,ninja corp,SALE,10/28/2025,SR
515.67,projectB,2f943806-9dc4-458a-a36e-93cc3693d85f,FS Acquiring,EUR,proto-m,REFUND,10/2/2025,LU
165,projectB,f9e74d96-a386-4d6f-9c28-c43debc8c3a9,stripe,USD,ninja corp,VAT,10/5/2025,MZ
523.44,projectA,0f63422f-2b7d-4529-9d2d-0241c2b3113f,FS Acquiring,EUR,ninja corp,REFUND,10/23/2025,AQ
940.4,projectB,9af62f8a-5b81-4a2e-8a12-ef0a69a06822,FS Acquiring,EUR,metasa-m,CAPTURE_FEE,10/12/2025,GF
794.45,projectC,7df10332-51e2-4638-ace9-ea466a71dfec,FS Acquiring,USD,ninja corp,REFUND,10/21/2025,MN
599.48,projectB,7b980ec8-056b-4b64-9b0a-92265cf440e7,Nuvei,GBP,ninja corp,CHARGEBACK,10/24/2025,BA
396.01,projectC,2c1eca99-e746-442d-8ad1-6cdf3aaf9a48,FS Acquiring,GBP,proto-m,SALE,10/20/2025,RU
492.71,projectB,83c47495-d78b-45b1-a001-7c4ccd83a75a,Nuvei,USD,metasa-m,CHARGEBACK,10/5/2025,BH
941.15,projectC,92d850d0-84be-4dc4-a711-ac5fc3a3ddcb,stripe,USD,ninja corp,REFUND,10/21/2025,GA
776.97,projectA,8356a105-b0cb-408d-833d-f64a8e858c20,stripe,GBP,proto-m,VAT,10/2/2025,PR
738.81,projectA,a42dabdd-8a80-4940-b85b-7f2597a9cb4e,FS Acquiring,GBP,ninja corp,SALE,10/8/2025,IQ
353.29,projectC,f52f3501-1a07-47a0-9a8a-5558e9c63506,Nuvei,USD,ninja corp,CHARGEBACK,10/1/2025,VA
576.62,projectC,96a7159f-aa71-426a-af12-a15bc0a918e6,stripe,EUR,ninja corp,REFUND,10/6/2025,FK
586.08,projectB,7787e5b6-dafd-4eda-843a-bb4250babb49,Nuvei,GBP,proto-m,SALE,10/19/2025,NO
12.99,projectC,7bc6e21f-1630-4795-b9cf-1cfd9fdab859,FS Acquiring,USD,proto-m,SALE,10/29/2025,TG
45.8,projectC,6610589f-2b0b-4b9b-b261-78006bc949e7,Nuvei,USD,proto-m,CHARGEBACK,10/16/2025,SD
340.79,projectC,66c551f4-2e6a-4db0-a5af-7354c58c69ce,FS Acquiring,GBP,proto-m,CAPTURE_FEE,10/3/2025,SG
95.03,projectB,49350a7e-8c7d-4b6f-9ce8-b64bbe2de26b,FS Acquiring,EUR,metasa-m,REFUND,10/9/2025,SN
631.43,projectC,a1b29eed-ab25-478b-ae13-0442f9336ebc,FS Acquiring,USD,metasa-m,CAPTURE_FEE,10/29/2025,CF
967.46,projectA,dc2eefbe-14f6-41dc-a43f-cd7cb5d35090,stripe,EUR,ninja corp,SALE,10/18/2025,LY
989.8,projectB,3b258e6f-4ed0-4003-a735-18e658875439,stripe,USD,proto-m,REFUND,10/2/2025,AD
649.29,projectB,b205fa91-3b28-4e81-b03d-7a028305febd,FS Acquiring,GBP,ninja corp,CAPTURE_FEE,10/10/2025,SB
95.99,projectC,724ece0c-254b-4d1e-b1af-055149c9f207,stripe,EUR,proto-m,CHARGEBACK,10/1/2025,CF
275.65,projectB,f346f273-02da-4f67-a4e3-ce89b243b1f6,FS Acquiring,USD,metasa-m,REFUND,10/10/2025,NZ
41.53,projectA,73ee8407-7375-4d29-ae21-584fb79b2fcb,stripe,GBP,ninja corp,CAPTURE_FEE,10/9/2025,GM
246.46,projectA,649f3f9b-fbfd-4bdf-a728-d1f429fc8fcd,stripe,GBP,proto-m,CHARGEBACK,10/1/2025,HN
585.47,projectB,4a38f14a-1358-4eba-bf3c-52c291d6f67c,Nuvei,GBP,proto-m,VAT,10/19/2025,GA
947.24,projectC,8537d5bf-11e4-44bc-8449-94f2c8046f83,stripe,USD,proto-m,REFUND,10/11/2025,VA
59.11,projectC,412596d5-a6a9-4f08-9828-6f32bb87d7f5,Nuvei,GBP,metasa-m,CAPTURE_FEE,10/1/2025,RE
181.36,projectC,891123b1-c1d9-452d-8cdf-cc65178774bf,stripe,USD,ninja corp,SALE,10/28/2025,UY
539.27,projectC,1cef04bd-bb33-42b2-a142-cfcd98713ea2,Nuvei,USD,ninja corp,VAT,10/26/2025,SJ
549.07,projectA,cf9f239b-4a23-4087-a3ff-c9a3fddf2c89,stripe,USD,metasa-m,SALE,10/18/2025,KZ
22.53,projectC,fd500f89-e6d2-4d37-ae5c-21b01b32ba75,stripe,GBP,proto-m,DISCOUNT_FEE,10/28/2025,IO
126.4,projectA,9df8812e-62df-4c33-88dd-bbde3d4dd202,stripe,EUR,proto-m,SALE,10/10/2025,ST
661.6,projectA,643545d1-e99c-46ff-b280-b7a6d1280b51,Nuvei,GBP,metasa-m,SALE,10/5/2025,EG
178.61,projectA,ae713c9d-039b-4178-8fe7-7894c2957b51,stripe,GBP,metasa-m,CHARGEBACK,10/23/2025,NG
995.76,projectA,cf9fa469-1209-4cba-b87b-ab13fd966e53,FS Acquiring,USD,metasa-m,CAPTURE_FEE,10/23/2025,BI
55.09,projectB,348c2e98-fcf9-43e9-8605-52c362601642,stripe,USD,ninja corp,CHARGEBACK,10/18/2025,ZA
979.79,projectA,2bf3608a-3465-43e9-b614-45c96c560cac,FS Acquiring,GBP,metasa-m,SALE,10/3/2025,SZ
307.92,projectC,43a4208d-32d0-4a67-af84-a5ab89715335,stripe,EUR,proto-m,REFUND,10/10/2025,KP
860.19,projectA,87f7a417-57db-4c74-bcd8-40d0da676f72,stripe,GBP,metasa-m,CAPTURE_FEE,10/19/2025,MG
33.12,projectC,22d109a4-2bd4-400e-be4d-fde1f30f3c33,FS Acquiring,USD,proto-m,VAT,10/24/2025,TW
915.01,projectC,f37f8d3e-928d-4458-9d19-a5eb7bc0430e,Nuvei,GBP,metasa-m,SALE,10/4/2025,YT
129.76,projectB,717adc19-b06e-486e-81d8-f007314e51be,FS Acquiring,EUR,metasa-m,CAPTURE_FEE,10/21/2025,MZ
32.31,projectC,49267130-6ec6-4e5f-a6be-d82bada5af86,FS Acquiring,EUR,ninja corp,CHARGEBACK,10/31/2025,KM
136.16,projectC,7736bb6f-52fb-4aec-b4b8-222917623f52,Nuvei,GBP,metasa-m,DISCOUNT_FEE,10/1/2025,AT
532.43,projectB,1f21d6c8-8cd4-45a4-a61c-1eb5a38e332d,FS Acquiring,USD,metasa-m,DISCOUNT_FEE,10/29/2025,ML
598.07,projectC,698b7283-a8cd-4074-a4e4-60fb5f194209,stripe,USD,proto-m,CAPTURE_FEE,10/30/2025,ML
264.61,projectC,6dfad797-59e1-4241-809a-0f3ae64e2d28,FS Acquiring,GBP,ninja corp,SALE,10/12/2025,PE
116.66,projectC,689fe3b1-e007-415c-bb72-4de08976a56c,stripe,GBP,metasa-m,CHARGEBACK,10/1/2025,BD
90.45,projectB,a59650fd-067e-42de-8e82-3e618fe96f32,stripe,EUR,metasa-m,SALE,10/27/2025,CO
444.48,projectA,d3c3f10c-e6d7-41ce-9aa3-c5d312ee5425,Nuvei,GBP,metasa-m,SALE,10/13/2025,MF
658.96,projectA,30021094-3d12-4e7e-9bba-f3be0a2ab47e,FS Acquiring,GBP,ninja corp,DISCOUNT_FEE,10/25/2025,UM
683.46,projectC,a264d326-cdfe-4792-adb4-19abe5248cc6,stripe,GBP,metasa-m,VAT,10/30/2025,AU
136.81,projectC,b350061a-4461-4b4c-b33f-fa48144ed3b6,FS Acquiring,USD,proto-m,SALE,10/13/2025,JP
447.88,projectC,30ca8b12-1b7e-46cf-b5a4-d64ab4f9dfc5,Nuvei,GBP,metasa-m,SALE,10/24/2025,FR
642.94,projectA,86b819eb-a306-42a3-918c-ccb472285912,Nuvei,USD,metasa-m,SALE,10/28/2025,BM
403.87,projectA,10da7234-7ded-406f-bc2e-2538ce3530de,FS Acquiring,USD,metasa-m,SALE,10/29/2025,UZ
411.25,projectB,a59d05b3-fb73-4be1-a7b4-2980af84c394,Nuvei,EUR,metasa-m,SALE,10/8/2025,KW
942.17,projectC,25851e5f-fcc4-4b49-bffa-e501ac8319a0,stripe,EUR,proto-m,CAPTURE_FEE,10/15/2025,HM
485.84,projectC,e99006b1-724f-4ba9-a94b-3bbec27eb919,stripe,USD,metasa-m,SALE,10/9/2025,GY
162.27,projectC,216c8af2-796c-472f-a22a-8967ee80f627,Nuvei,EUR,proto-m,CAPTURE_FEE,10/11/2025,BS
856.29,projectC,6ec0b32f-7b04-432b-afc5-b4e702752058,FS Acquiring,EUR,metasa-m,DISCOUNT_FEE,10/15/2025,TJ
961.45,projectB,e4f5b5b2-4bbd-4d2c-927b-eb7794ef18b1,FS Acquiring,USD,ninja corp,CHARGEBACK,10/30/2025,SN
732.25,projectA,76396c40-fa5f-46b5-8f6c-a7196fa35225,stripe,USD,ninja corp,CHARGEBACK,10/15/2025,PK
592.98,projectC,c3455389-4eb1-4195-a5d9-8b793b8f2080,FS Acquiring,GBP,proto-m,CHARGEBACK,10/28/2025,NU
551.37,projectC,3bf7a1c1-e1c8-4318-98c2-7a8acd6567c1,FS Acquiring,USD,metasa-m,CHARGEBACK,10/15/2025,UY
544.88,projectA,af38d15b-9a09-4ec4-8105-588ca4b19c25,Nuvei,EUR,metasa-m,CAPTURE_FEE,10/29/2025,TM
324.59,projectA,7fecac22-a1ca-4537-8631-e4eb339c941f,Nuvei,GBP,proto-m,CAPTURE_FEE,10/12/2025,ER
498.64,projectC,7df00839-a731-4f62-b752-d96f12fdc749,stripe,USD,ninja corp,CAPTURE_FEE,10/24/2025,UA
106.97,projectA,d94d2e20-714e-4142-a90a-5077e75ba329,Nuvei,USD,ninja corp,REFUND,10/26/2025,GR
212.51,projectC,ea2988ef-2af7-451b-8881-fa4221510b3c,stripe,USD,metasa-m,DISCOUNT_FEE,10/4/2025,NF
595.79,projectA,110e0b0f-2bdd-4598-8f97-6f289177bce3,stripe,GBP,ninja corp,REFUND,10/15/2025,SS
983,projectB,2db21fff-be09-4e35-a31f-53f92caebda5,stripe,EUR,ninja corp,CHARGEBACK,10/2/2025,BM
931.68,projectB,d4542229-d306-458c-adac-d0ce55d460e4,stripe,EUR,ninja corp,VAT,10/23/2025,ML
206.24,projectB,a4ebe366-bbb2-4af1-9cee-305bbad01ba8,stripe,EUR,proto-m,VAT,10/28/2025,NC
14.27,projectB,eb1669b9-44fc-42fa-9e8f-35cb39572679,Nuvei,USD,metasa-m,CHARGEBACK,10/26/2025,AO
51.78,projectB,f7e5f177-5775-4c9b-ba8a-4b44aec1fbdd,Nuvei,USD,metasa-m,DISCOUNT_FEE,10/4/2025,DO
339.54,projectB,24892bb2-bc41-4327-b010-2661f857bc22,Nuvei,GBP,ninja corp,CHARGEBACK,10/31/2025,SK
268.89,projectB,13c48ae4-8d78-40db-b47a-f2d5310ed76c,Nuvei,USD,ninja corp,CHARGEBACK,10/16/2025,DK
650.16,projectB,aa0e0531-9a3b-4383-a19a-55e42c073d65,stripe,EUR,proto-m,CAPTURE_FEE,10/12/2025,WF
12.58,projectA,1e73514f-1e23-4e8d-998b-da2e66bb545a,FS Acquiring,EUR,proto-m,CHARGEBACK,10/12/2025,ST
460.46,projectC,1ebb6ba1-d506-460a-93f1-6cdae3b3b1b3,FS Acquiring,USD,metasa-m,VAT,10/22/2025,PK
71.64,projectB,2463766e-30bc-4da8-8590-b5f7ed819017,Nuvei,EUR,proto-m,DISCOUNT_FEE,10/13/2025,AS
412.17,projectB,25137ed2-150f-4645-bc3f-f9e92f4cd30c,Nuvei,USD,proto-m,REFUND,10/11/2025,BQ
961.19,projectB,c032d975-f126-4f81-9ebd-f37190d0076f,Nuvei,USD,metasa-m,CAPTURE_FEE,10/26/2025,TN
0.58,projectA,f3cc6487-6a04-4660-b35f-0bd9497a3b3e,Nuvei,GBP,ninja corp,DISCOUNT_FEE,10/22/2025,NC
282.55,projectB,521e8101-d303-413c-bf3d-e5753efa1fe0,Nuvei,USD,metasa-m,CAPTURE_FEE,10/30/2025,FR
704.08,projectB,9a2ff0c8-e954-4f77-b920-f5b3e0a33b67,stripe,GBP,proto-m,CAPTURE_FEE,10/12/2025,CG
113.27,projectB,580713c6-0158-4693-8efb-b9c986d5c520,FS Acquiring,USD,ninja corp,VAT,10/25/2025,AR
491.42,projectA,7b5404a6-41ff-486a-8054-52dde0022107,Nuvei,GBP,ninja corp,SALE,10/7/2025,TG
819.81,projectA,9427238b-b4c0-463d-9bd1-d624729e5b1f,stripe,USD,metasa-m,CAPTURE_FEE,10/12/2025,MW
789.81,projectC,6d0e91af-5a1f-41dc-be84-1f60e06307fc,Nuvei,GBP,ninja corp,CHARGEBACK,10/5/2025,TZ
627.86,projectB,3984d7e4-62ca-418a-aafd-bf2f05cdd44c,FS Acquiring,GBP,metasa-m,REFUND,10/14/2025,FR
884.48,projectA,c50ae03c-8b88-4dab-a2f4-ee141382a454,FS Acquiring,EUR,proto-m,REFUND,10/27/2025,TV
834.27,projectA,3b76b02a-c72d-4c3b-b399-badc1b8d1acf,stripe,EUR,ninja corp,SALE,10/7/2025,NO
15.17,projectC,f0125737-de03-4708-9d6b-9071bf9a164c,Nuvei,EUR,proto-m,SALE,10/20/2025,NA
449.32,projectB,a5225580-b232-4397-904b-e4c0792bbcb6,Nuvei,GBP,metasa-m,DISCOUNT_FEE,10/27/2025,VC
297.31,projectA,e2d98588-fa60-42d9-816f-11d54940631c,FS Acquiring,EUR,metasa-m,SALE,10/29/2025,AO
343.53,projectA,e8cba4e6-7f83-4b96-b719-a0b090e33dce,Nuvei,EUR,metasa-m,VAT,10/20/2025,LY
874.06,projectC,7206fab5-7469-46b9-b554-3a3af4008c3f,FS Acquiring,GBP,proto-m,DISCOUNT_FEE,10/25/2025,SA
376.8,projectB,3f00f2ab-66c7-4506-8411-5c0e7261cb94,stripe,GBP,ninja corp,REFUND,10/16/2025,OM
104.19,projectC,ba18b087-bad3-43ab-8983-b6f5c58cd3cc,Nuvei,EUR,metasa-m,CHARGEBACK,10/21/2025,MM
94.59,projectB,61abfa16-c6a3-48c6-9a89-31dda2e182ce,Nuvei,EUR,metasa-m,CAPTURE_FEE,10/9/2025,LA
735.27,projectB,0bb461c5-dc7d-4f50-a10b-12aac3a02840,stripe,USD,proto-m,CHARGEBACK,10/5/2025,MK
430.3,projectA,8ba76ae6-9407-48dc-9861-158b0ff15840,FS Acquiring,GBP,metasa-m,CHARGEBACK,10/4/2025,UA
151.47,projectB,be405cbb-8063-4613-8a6c-893c6a38ac66,Nuvei,GBP,ninja corp,REFUND,10/7/2025,GW
641.51,projectB,a595e4b1-6fd2-4353-9f94-d94e92104f6e,stripe,GBP,metasa-m,SALE,10/15/2025,MH
558.61,projectB,e4f4971e-20e0-43c3-8126-ac2b2e22755e,FS Acquiring,USD,ninja corp,CAPTURE_FEE,10/21/2025,GT
77.76,projectC,1903cfb3-9e7d-4a16-8cbb-976ef2a48c76,FS Acquiring,EUR,ninja corp,DISCOUNT_FEE,10/24/2025,BM
665.79,projectB,b8a1665c-c702-443d-b671-251aebc126b9,FS Acquiring,USD,metasa-m,CAPTURE_FEE,10/13/2025,IS
541.58,projectC,61c85ea1-4f78-4d0b-ab94-70222cb6278b,stripe,EUR,metasa-m,CHARGEBACK,10/19/2025,NC
333.07,projectA,a106d80f-88bf-46ab-9cf1-00083b484fc5,stripe,USD,metasa-m,REFUND,10/21/2025,TF
812.93,projectB,088e2dc9-e485-4190-b626-b78ca1829715,stripe,USD,ninja corp,CHARGEBACK,10/30/2025,CA
781.21,projectA,7eb1e03b-873e-4a3d-b52d-a7439b8554b7,stripe,EUR,proto-m,REFUND,10/21/2025,VN
435.8,projectB,84dfa736-ba73-4594-b0c8-cee913b7d2d5,FS Acquiring,GBP,ninja corp,DISCOUNT_FEE,10/14/2025,MQ
899.14,projectC,9e17128e-08ac-490d-a80d-f8d37c3154d1,stripe,GBP,metasa-m,CHARGEBACK,10/29/2025,RU
957.95,projectC,412471e0-df9a-4588-ab2d-135a7b330246,FS Acquiring,GBP,metasa-m,DISCOUNT_FEE,10/22/2025,RS
963.66,projectA,f42bab01-739e-4555-9f9e-5371bed08e42,Nuvei,USD,metasa-m,SALE,10/29/2025,BZ
91.28,projectA,8b471af8-cf60-49ec-a8cc-74a978e9318b,Nuvei,USD,ninja corp,VAT,10/25/2025,GN
654.85,projectC,079f64bd-d80a-47f5-a25e-e45aa43744a9,stripe,GBP,metasa-m,DISCOUNT_FEE,10/8/2025,LS
125.81,projectB,15629740-4892-466c-85a8-dbfceb69f3b9,stripe,USD,metasa-m,CAPTURE_FEE,10/25/2025,GU
86,projectA,4ed9f71f-a338-404a-82cc-272e1a3baac8,FS Acquiring,USD,proto-m,CAPTURE_FEE,10/12/2025,SH
667.49,projectB,499e70c4-a2a3-4dcb-97d0-e305131d0c77,FS Acquiring,USD,ninja corp,CHARGEBACK,10/27/2025,SV
123.27,projectC,351e323d-6dcf-45c3-86c8-8272d5f757db,FS Acquiring,USD,ninja corp,SALE,10/10/2025,KG
978.65,projectB,6f3099cd-7c11-4b38-8aea-0c20f2977932,FS Acquiring,USD,ninja corp,REFUND,10/9/2025,LI
778.55,projectC,94545b57-70c3-4d34-a5c5-196e664af3e5,FS Acquiring,EUR,ninja corp,CAPTURE_FEE,10/16/2025,SC
69.52,projectA,057ed293-8c64-486e-91ec-08796eb06069,FS Acquiring,USD,metasa-m,CAPTURE_FEE,10/18/2025,NL
213.76,projectB,86bf3d6e-1389-4458-8da3-82c021ed5083,stripe,USD,ninja corp,REFUND,10/26/2025,PE
803.43,projectB,ad11795c-0efc-492c-b9f0-069f6081c1a7,FS Acquiring,USD,proto-m,VAT,10/3/2025,RU
822.14,projectA,339d5f04-1d1a-43b7-ab90-bef38bdcdcce,FS Acquiring,GBP,metasa-m,SALE,10/9/2025,FM
970.94,projectC,53bc97e7-dce9-4ba7-a32c-7582975dea21,stripe,USD,ninja corp,REFUND,10/7/2025,TZ
90.87,projectB,c9817ee6-a820-48d0-9dd1-af646dd39877,Nuvei,EUR,proto-m,REFUND,10/9/2025,TR
570.27,projectA,c4a4fabb-66d2-4a9d-8fbe-a38d979cb0b0,FS Acquiring,GBP,ninja corp,CHARGEBACK,10/28/2025,SX
616,projectA,97d73c27-7a3c-4e15-a3af-6a6815821982,stripe,USD,ninja corp,SALE,10/15/2025,LV
700.8,projectB,66e2ac8d-75f3-4fe6-bf06-842feaef80b3,FS Acquiring,GBP,metasa-m,REFUND,10/20/2025,TD
571.2,projectA,e7f162e9-945f-42e1-8edc-0e35676f4b0b,FS Acquiring,EUR,ninja corp,DISCOUNT_FEE,10/19/2025,TC
579.3,projectC,78a94291-7707-44da-b1ad-b7994db01950,Nuvei,EUR,proto-m,CHARGEBACK,10/18/2025,KN
75.61,projectA,887029d7-d93d-4f8e-9dd7-6d239b1c65cd,stripe,USD,ninja corp,REFUND,10/12/2025,VN
600.5,projectC,879f4583-9dac-466d-9087-d58b93f5d163,stripe,EUR,metasa-m,CAPTURE_FEE,10/3/2025,YT
392.24,projectB,ea37a4da-a364-4dab-8198-4d14ab435061,Nuvei,EUR,proto-m,DISCOUNT_FEE,10/8/2025,TT
9.97,projectB,7ff74d98-d756-4bd4-8636-4285e4dd94ce,stripe,EUR,metasa-m,DISCOUNT_FEE,10/31/2025,SK
226.1,projectC,c1c3f998-3525-4318-aa5d-b4cb3e5aa564,Nuvei,GBP,ninja corp,VAT,10/27/2025,NI
757.2,projectC,63acc1a0-79e8-4e4b-acde-419df74c22e9,Nuvei,USD,proto-m,VAT,10/14/2025,EE
232.31,projectA,b94c1441-5a3d-4432-9af7-379db16c40e1,stripe,EUR,metasa-m,DISCOUNT_FEE,10/22/2025,MN
91.86,projectB,c84f0970-be3c-4029-9cb8-0e07510e6fbd,stripe,EUR,ninja corp,VAT,10/25/2025,IN
809.04,projectA,9a3b7e9c-58d6-42a0-91ae-de722d53eaf7,Nuvei,GBP,ninja corp,SALE,10/12/2025,TD
823.63,projectC,b5a6868e-e0b1-466d-8a33-1e1951deee36,stripe,USD,ninja corp,DISCOUNT_FEE,10/24/2025,MT
997.08,projectC,27584fb8-ee40-4c74-a7c7-e58de0a45028,FS Acquiring,GBP,ninja corp,CAPTURE_FEE,10/16/2025,ZW
348.6,projectC,21f0fbf5-64de-41d9-a188-80a6b57a8430,stripe,USD,proto-m,DISCOUNT_FEE,10/23/2025,SL
993.59,projectB,fcbcd511-1120-4391-94b5-0d1b28b45d16,FS Acquiring,USD,ninja corp,DISCOUNT_FEE,10/2/2025,MM
329.07,projectB,0e02a399-4158-4870-bfa2-f416c3c6da4e,Nuvei,USD,proto-m,CHARGEBACK,10/25/2025,NF
544.64,projectB,7c1d4633-bc2b-4199-8591-bb4431ff76dc,Nuvei,GBP,metasa-m,DISCOUNT_FEE,10/4/2025,BR
934.68,projectA,6ab17f1e-95f7-4900-88d6-802bba3aa0b1,Nuvei,EUR,proto-m,CAPTURE_FEE,10/1/2025,TG
43.01,projectB,f3c4f0b6-2478-4501-9fa5-73b9369c11d6,Nuvei,USD,ninja corp,SALE,10/23/2025,CA
491.78,projectA,46f0fd9d-8be4-4819-917a-10a645b7f844,Nuvei,EUR,metasa-m,CAPTURE_FEE,10/19/2025,VC
314.5,projectB,6f6f6707-899c-4d20-93ae-e368ce5be32e,Nuvei,GBP,proto-m,CAPTURE_FEE,10/10/2025,NG
646.28,projectC,a7f86e35-e7c0-4b29-9e48-24fe6e5d024a,Nuvei,USD,proto-m,DISCOUNT_FEE,10/28/2025,QA
415.21,projectC,e5652226-e8b6-4b11-b1ff-f774aa49d7e4,FS Acquiring,GBP,ninja corp,SALE,10/26/2025,CF
865.92,projectC,4214a88b-5f36-4977-bd14-89deefe9fe4a,stripe,EUR,metasa-m,CHARGEBACK,10/6/2025,FM
90.48,projectA,09cf1314-92f3-4026-8cb0-f2129d4da4f5,Nuvei,USD,ninja corp,VAT,10/27/2025,UA
848.01,projectC,c33c4e2c-fcc4-422d-8782-71a3fd200672,FS Acquiring,USD,metasa-m,REFUND,10/9/2025,AG
419.56,projectA,a570eb26-1bf3-4000-b560-df02834625b2,FS Acquiring,EUR,metasa-m,DISCOUNT_FEE,10/24/2025,UA
167.94,projectC,4023a820-61c7-4848-9790-54b244203433,stripe,GBP,metasa-m,SALE,10/29/2025,KG
998.3,projectA,223a8702-256f-4bda-8c47-adce12b338b9,FS Acquiring,USD,proto-m,DISCOUNT_FEE,10/15/2025,UY
874.46,projectC,fa8bd70b-044d-4cc3-959a-8a8b0e84b1fd,Nuvei,EUR,metasa-m,CHARGEBACK,10/17/2025,MZ
934.66,projectA,f41dd4ce-16fe-4615-bc62-6dae492db692,stripe,EUR,metasa-m,CHARGEBACK,10/6/2025,UY
692.03,projectB,40943a4a-33f2-4ae9-89df-fa2f2846d0f8,FS Acquiring,GBP,proto-m,VAT,10/31/2025,DK
587.41,projectB,4d78294f-0547-4b9d-bbc3-329a0edb077f,Nuvei,GBP,ninja corp,CHARGEBACK,10/2/2025,CW
487.61,projectC,b7611b61-8138-4eae-ac3e-974dfcf84bd7,stripe,EUR,metasa-m,CAPTURE_FEE,10/5/2025,NE
560.18,projectB,daa39545-8116-4bdc-9730-f2a3d560808b,Nuvei,GBP,ninja corp,DISCOUNT_FEE,10/9/2025,DJ
887.41,projectC,c4fabf7b-8953-4212-99f9-38cbfbd20c1f,Nuvei,USD,ninja corp,REFUND,10/4/2025,UZ
752.55,projectC,08acfc0a-9127-4a35-8350-845aa0e53402,stripe,EUR,ninja corp,CHARGEBACK,10/27/2025,SS
569.86,projectA,84f64277-0eb6-4c1c-bc16-38d725669259,stripe,GBP,ninja corp,REFUND,10/11/2025,SN
86.38,projectC,5bbcdb22-187d-4a65-9877-63fe71b8c5bc,Nuvei,USD,proto-m,SALE,10/5/2025,CA
110.56,projectA,d42c42be-33c9-46bb-a259-f04672d9c3d8,stripe,USD,proto-m,DISCOUNT_FEE,10/25/2025,ZW
796.14,projectC,c6c55abb-bbed-4d34-8ccc-4266f99c449f,FS Acquiring,GBP,metasa-m,REFUND,10/4/2025,ZW
532.9,projectB,e551a433-95e9-4a22-b311-e389c7461e76,stripe,EUR,proto-m,DISCOUNT_FEE,10/1/2025,FM
718.21,projectA,e59138b1-262f-4121-8b8f-fd114e1bda0c,Nuvei,EUR,proto-m,CHARGEBACK,10/26/2025,LR
364.9,projectC,09efa0ca-deb9-4ac6-bbba-b40ae7e1da9f,Nuvei,USD,proto-m,VAT,10/13/2025,AI
700.64,projectC,3d08b1f4-b5ae-4165-98e5-e5a886b7570c,FS Acquiring,EUR,metasa-m,VAT,10/11/2025,GR
647.95,projectA,16f5afd1-3fd2-432c-b0c9-aa17f5561d17,Nuvei,GBP,proto-m,CHARGEBACK,10/18/2025,TW
633.5,projectB,5f5465a7-c175-4946-b6be-b2369244d2ef,Nuvei,GBP,metasa-m,SALE,10/10/2025,KH
257.33,projectC,fb06cf99-c100-42d0-b4d3-28bcb69d4e99,Nuvei,GBP,metasa-m,CHARGEBACK,10/6/2025,BD
504.69,projectC,93f06e48-7ad8-482c-a86d-e85f5681428a,FS Acquiring,GBP,proto-m,REFUND,10/13/2025,LK
196.49,projectC,1effc017-d07c-4b39-a7a1-e1f02812bfdd,FS Acquiring,GBP,proto-m,SALE,10/17/2025,NC
74.25,projectC,a7670344-a825-4878-99b0-0a25eb022624,Nuvei,GBP,proto-m,REFUND,10/17/2025,AF
786.98,projectA,0e370c2e-50f1-45d7-93d5-13eda47a2f91,stripe,GBP,proto-m,SALE,10/9/2025,YE
218.13,projectB,51f18012-dbf7-42a0-b37f-fdebfb6f0ddd,FS Acquiring,GBP,metasa-m,REFUND,10/22/2025,VG
795.08,projectA,a4aeb0e9-fa9d-477c-a1c9-3ac1cdbdd7cb,FS Acquiring,EUR,ninja corp,DISCOUNT_FEE,10/29/2025,CG
684.16,projectB,cae0aed1-a3b9-4dcf-8daf-8bef9a126f4d,Nuvei,USD,proto-m,CAPTURE_FEE,10/16/2025,AZ
90.27,projectA,05d6da10-7410-4ae6-8d75-08c5447bdac8,FS Acquiring,GBP,ninja corp,DISCOUNT_FEE,10/18/2025,EH
429.74,projectB,3590bb18-f174-4f71-bc20-72c8074c6f46,FS Acquiring,USD,proto-m,REFUND,10/17/2025,KH
903.22,projectC,0561617b-162a-4d31-90d6-a8a46ead15af,FS Acquiring,USD,ninja corp,REFUND,10/1/2025,BE
338.89,projectC,ae527896-65f0-4570-8414-9be39b50b5be,FS Acquiring,USD,metasa-m,DISCOUNT_FEE,10/6/2025,LU
653.54,projectB,dcd765a8-e436-44bf-b12e-88d467b9be3c,FS Acquiring,EUR,metasa-m,SALE,10/27/2025,MY
60.16,projectA,3a866acc-ac90-4d84-99d8-10d04dafc019,Nuvei,USD,metasa-m,VAT,10/29/2025,ST
974.41,projectA,9ce40adb-5dce-44ca-925e-d3706d2b6ba2,FS Acquiring,EUR,ninja corp,CAPTURE_FEE,10/14/2025,GB
746.12,projectA,2d0d11bb-0450-4b10-ae92-941b0921c9fd,Nuvei,EUR,ninja corp,DISCOUNT_FEE,10/4/2025,AU
829.42,projectA,804cc4bb-b673-44d7-ae7e-80dba006fbe6,stripe,EUR,ninja corp,SALE,10/5/2025,NC
640.1,projectA,cf24d1b1-b07a-4afe-b836-8f5014b63ff7,stripe,USD,proto-m,CHARGEBACK,10/9/2025,WF
544.81,projectC,3dcdef8c-edf3-444e-be18-7dc780ead759,stripe,GBP,ninja corp,SALE,10/10/2025,AW
854.97,projectA,a7608aa4-16c9-46e5-8aa4-ebcca218b71e,FS Acquiring,GBP,proto-m,DISCOUNT_FEE,10/6/2025,NF
980.04,projectA,ae08cbe5-fa8b-42fb-ba8e-a9b5dd503e03,Nuvei,USD,proto-m,REFUND,10/25/2025,GE
443.54,projectB,f70503c6-35d8-473c-9ce0-f12b74edde76,stripe,GBP,metasa-m,REFUND,10/11/2025,YE
754.2,projectC,7297e1b3-78fc-4eea-bb5d-d0d436c9755a,Nuvei,GBP,proto-m,CAPTURE_FEE,10/27/2025,WF
751.46,projectC,965eb081-12aa-4a69-8502-21a951050d99,Nuvei,EUR,ninja corp,DISCOUNT_FEE,10/15/2025,IE
79.01,projectC,f4437c8b-4b38-4358-a8da-748330bee6d7,stripe,USD,metasa-m,CAPTURE_FEE,10/29/2025,GA
718.67,projectA,ea62e11f-0aa5-4142-86c1-7aefe73dfa89,stripe,GBP,metasa-m,REFUND,10/30/2025,GS
349.01,projectB,23f27464-b1df-4053-a091-2df7d1859221,Nuvei,EUR,proto-m,CAPTURE_FEE,10/26/2025,ER
548.84,projectA,9ffccbf5-b1e5-4350-babc-9ae25f4bd4af,stripe,USD,metasa-m,DISCOUNT_FEE,10/3/2025,MY
211.97,projectA,f04438e1-94d3-408e-9a7c-fa7bc9d2c745,Nuvei,GBP,ninja corp,SALE,10/12/2025,LS
901.49,projectA,3cf95b02-942f-4b65-9faa-14ec5b3ec6ee,stripe,GBP,proto-m,CHARGEBACK,10/3/2025,GY
327.2,projectA,97e5b753-cf55-481f-9df4-736e55ad0720,FS Acquiring,GBP,metasa-m,SALE,10/10/2025,CV
730.75,projectB,e8a670b7-cb7b-4324-a04a-c160c568b613,stripe,USD,proto-m,REFUND,10/20/2025,KE
881.74,projectB,7ce7c1d4-4ac5-40b5-8a18-9104c92a5d0d,Nuvei,USD,ninja corp,CAPTURE_FEE,10/12/2025,TF
573.77,projectB,979b3b1c-121f-425c-aaae-d30cab15316d,FS Acquiring,GBP,ninja corp,SALE,10/3/2025,GD
717.1,projectA,6dea62a8-dbbc-4701-bc22-e3d764b7f68d,stripe,USD,ninja corp,DISCOUNT_FEE,10/1/2025,KN
793.18,projectB,2693ab22-ce6c-4f03-b41e-a775f5d548ff,stripe,EUR,proto-m,CHARGEBACK,10/24/2025,LI
533.2,projectB,25b52afd-9591-4003-a5b3-3e85f0d81e42,Nuvei,USD,ninja corp,VAT,10/11/2025,NF
219.71,projectB,ff62295b-8cbb-4875-bed2-bcd2a9b235fe,stripe,EUR,metasa-m,DISCOUNT_FEE,10/27/2025,WF
892.12,projectC,c8a55a78-0dc3-42ba-ac3e-0c866dc85b36,FS Acquiring,GBP,ninja corp,REFUND,10/30/2025,UA
146.3,projectB,9a9f031e-711d-4f35-8e07-8d4be037ee35,FS Acquiring,USD,ninja corp,VAT,10/5/2025,JE
656.28,projectC,c78d88d5-70ba-4209-a353-4fd741deeb20,stripe,EUR,metasa-m,CHARGEBACK,10/20/2025,CI
856.85,projectB,77c900bc-1132-4cbd-b3b6-791d2fb8a6a5,Nuvei,EUR,ninja corp,SALE,10/19/2025,SX
166.34,projectC,281ec6c6-bf89-4756-9222-a20fbc68114f,Nuvei,GBP,metasa-m,CAPTURE_FEE,10/13/2025,WF
653.87,projectC,809f4e79-27f3-4f34-bd95-e92b1acb6e7d,FS Acquiring,USD,proto-m,SALE,10/30/2025,GH
584.82,projectA,7537cf03-49a8-4e3d-8a09-da90e805f7c2,Nuvei,EUR,proto-m,DISCOUNT_FEE,10/3/2025,NA
203.46,projectC,1edb7847-f98b-4f1d-b9d7-1a6224b95a9c,stripe,USD,metasa-m,SALE,10/20/2025,CX
456.42,projectA,7e6d863f-f392-4928-a2f4-5d1f86aa8a9a,FS Acquiring,GBP,proto-m,CHARGEBACK,10/20/2025,BQ
151.77,projectA,8583fb3e-92cf-4cf8-8115-d795335e6c24,FS Acquiring,EUR,metasa-m,SALE,10/5/2025,CF
330.74,projectB,9b1dcdba-6770-4eda-b398-f937423938c8,FS Acquiring,GBP,proto-m,DISCOUNT_FEE,10/28/2025,BD
30.62,projectC,065f8eca-c9e6-4bb4-aeac-38d9c6084358,stripe,USD,ninja corp,REFUND,10/5/2025,CH
344.02,projectA,19acb30a-f86a-4ee5-8e00-ad4e1b38eb9b,FS Acquiring,EUR,metasa-m,REFUND,10/20/2025,BS
200.97,projectA,b8b6d725-8bb2-45ac-8a5d-76131a758d7f,Nuvei,GBP,ninja corp,CHARGEBACK,10/14/2025,NI
284.86,projectB,c76fb1e6-bb4a-47fb-b253-5799a721173d,stripe,EUR,proto-m,CAPTURE_FEE,10/24/2025,KG
414.63,projectB,68e717ea-ec5e-49bc-80aa-f8bef0f96bc6,Nuvei,EUR,ninja corp,VAT,10/21/2025,PH
154.85,projectC,6f6144bc-3247-4d74-9aec-10214c07bcaf,FS Acquiring,EUR,metasa-m,DISCOUNT_FEE,10/3/2025,TZ
697.31,projectC,b40ca8f9-1bbe-467e-9205-cf511b8f6273,FS Acquiring,GBP,proto-m,SALE,10/31/2025,TF
217.8,projectB,df2bda41-239d-471a-a600-049476877eb6,stripe,USD,metasa-m,CHARGEBACK,10/14/2025,NO
207.74,projectB,1b4ac2e6-1291-4626-9412-bac2ecda2e4b,Nuvei,EUR,proto-m,CHARGEBACK,10/16/2025,LT
184.34,projectA,6ccb4eca-75c6-4380-93c7-42f1781f4a0c,stripe,GBP,ninja corp,VAT,10/26/2025,SA
974.99,projectA,4d6faf06-31ab-41ff-a14b-6580fbf76176,FS Acquiring,EUR,ninja corp,CHARGEBACK,10/18/2025,BN
491.08,projectA,47971279-ef91-4ab7-8bfc-8424dac671b5,FS Acquiring,EUR,metasa-m,CHARGEBACK,10/19/2025,FI
865.44,projectC,470edb20-8db6-47a7-ad83-a9f62bcbb2e1,FS Acquiring,GBP,ninja corp,DISCOUNT_FEE,10/16/2025,CN
372.84,projectA,2bb75434-8216-4303-9c17-7d5f46ed7d90,stripe,USD,ninja corp,VAT,10/19/2025,SL
396.14,projectC,ffe2b287-9288-43ef-855b-882377f36716,Nuvei,EUR,proto-m,VAT,10/29/2025,CZ
749.41,projectB,8e5faf09-bea4-4041-8b78-06f25702adcc,FS Acquiring,EUR,metasa-m,VAT,10/28/2025,AE
656.14,projectB,efb36d0e-0199-42e2-8bae-b029de4f31ba,FS Acquiring,GBP,metasa-m,DISCOUNT_FEE,10/31/2025,LS
807.03,projectB,bfb0fc81-486a-49da-9949-eea4f25031d3,stripe,USD,ninja corp,CHARGEBACK,10/31/2025,IM
361.45,projectC,177ad312-b47f-447d-bb7e-51b188c9abd3,FS Acquiring,EUR,ninja corp,SALE,10/7/2025,IN
120.68,projectC,20ea1b60-b291-49c5-bf4d-31e61a4681e0,FS Acquiring,EUR,ninja corp,CHARGEBACK,10/12/2025,MX
995.56,projectC,e48c2f33-4874-4044-86dd-2f17bbb24724,stripe,EUR,metasa-m,REFUND,10/5/2025,SC
377.91,projectB,e4a853db-92da-451f-b037-6ab51ca89e24,Nuvei,GBP,ninja corp,DISCOUNT_FEE,10/30/2025,GL
747.56,projectA,62f38522-dea2-4b91-91a5-35ee7ebdd090,stripe,USD,proto-m,VAT,10/3/2025,BT
850.14,projectC,cf2b22a1-5bf3-43dd-badd-863565d402de,FS Acquiring,GBP,proto-m,SALE,10/25/2025,ER
230.4,projectC,bca83452-f2ae-4aa7-b3c5-45dca99e8068,FS Acquiring,GBP,metasa-m,CHARGEBACK,10/8/2025,NA
154.5,projectC,c21d646d-e181-4b22-bfb2-a3ef6b560b6d,stripe,USD,ninja corp,DISCOUNT_FEE,10/12/2025,HN
739.95,projectA,79a37fc8-fd3a-4724-a927-be1a037853b9,FS Acquiring,USD,proto-m,SALE,10/14/2025,KY
131.13,projectA,f14e18d1-ebdc-459a-b927-ba3a6612eee8,stripe,USD,ninja corp,VAT,10/5/2025,HR
858.62,projectA,6f51006c-64b8-4661-9ce4-511656c26b13,stripe,EUR,metasa-m,CHARGEBACK,10/23/2025,NL
145.95,projectC,bbbb1de1-8871-486f-acfb-6359cb7f8adf,Nuvei,USD,ninja corp,DISCOUNT_FEE,10/25/2025,LA
71.3,projectC,f716472b-65bf-4602-ad1f-a18444d28cd5,Nuvei,EUR,proto-m,DISCOUNT_FEE,10/17/2025,CY
57.06,projectA,a8fd794b-2d97-483b-94b1-352ed2c6aff3,FS Acquiring,USD,proto-m,SALE,10/16/2025,FO
832.97,projectC,ecf3fd2b-6ab4-49aa-88b0-055e9cdde357,FS Acquiring,USD,ninja corp,CAPTURE_FEE,10/21/2025,TF
858.55,projectC,d82e4b72-9d2f-4d81-8918-cf71fa48cbab,stripe,USD,metasa-m,CAPTURE_FEE,10/18/2025,KI
946.63,projectB,93138ffb-73cf-49b4-8ab9-acb91ff38de3,Nuvei,EUR,metasa-m,SALE,10/14/2025,ER
216.17,projectC,0901711f-850e-46ba-9569-b3b63602cd16,FS Acquiring,USD,proto-m,REFUND,10/8/2025,GI
64.88,projectB,cf91c867-9a7a-4352-963f-0978dece97ab,Nuvei,EUR,ninja corp,VAT,10/30/2025,IM
214.37,projectC,5782f899-1663-4478-b432-689ad11f67b4,stripe,EUR,proto-m,CHARGEBACK,10/15/2025,MG
177.02,projectA,509b4f0d-6608-4c9a-9d7b-24ff2203a999,Nuvei,USD,ninja corp,CAPTURE_FEE,10/9/2025,SB
230.63,projectC,fc393d27-909b-44d0-8baa-ec81f0394744,stripe,USD,proto-m,DISCOUNT_FEE,10/7/2025,HU
465.13,projectB,5126473d-6925-494e-9004-2d32e3b07875,FS Acquiring,EUR,proto-m,CHARGEBACK,10/5/2025,FJ
940.86,projectB,992daa83-ca33-43c6-9e2d-c8b2ed0038d6,stripe,EUR,proto-m,SALE,10/21/2025,LV
639.02,projectC,0ed720b6-f893-46de-8a19-910d94818f1d,FS Acquiring,GBP,proto-m,SALE,10/13/2025,UA
502.83,projectB,40386f71-46d4-40fb-8d6b-289bf16defab,Nuvei,EUR,metasa-m,CAPTURE_FEE,10/22/2025,PM
540.82,projectB,a4f2c943-786f-49b6-a6d7-0341202c66e3,FS Acquiring,EUR,metasa-m,DISCOUNT_FEE,10/19/2025,PS
925.87,projectB,27f327e5-6fe3-4a26-bb68-0f4dda42a8b8,Nuvei,USD,metasa-m,DISCOUNT_FEE,10/4/2025,LK
452.87,projectC,4af312d0-d1fd-40d2-bbb0-cb6518004f97,stripe,USD,proto-m,REFUND,10/5/2025,ET
74.35,projectC,fd2ca78f-b042-4045-80de-a663ac3a96dd,Nuvei,USD,proto-m,REFUND,10/18/2025,IN
329,projectC,5b90399c-b174-4b16-9a06-77680804a971,FS Acquiring,GBP,metasa-m,DISCOUNT_FEE,10/30/2025,CY
715.76,projectB,d1287c69-9088-471c-a0de-81ea4d4abb62,FS Acquiring,USD,proto-m,CAPTURE_FEE,10/27/2025,WS
68.28,projectC,e3afddfd-18f4-4607-a551-046b2fd04030,Nuvei,USD,ninja corp,DISCOUNT_FEE,10/18/2025,AO
442.42,projectC,71effaac-4af5-4329-bc8f-de3e61699787,stripe,USD,ninja corp,REFUND,10/15/2025,SA
11.89,projectA,c8de7678-fcf5-4b06-92ee-b2d841f25830,FS Acquiring,USD,ninja corp,CHARGEBACK,10/30/2025,MT
242.88,projectB,5001e4f9-b71b-4382-917c-d642095eac4e,Nuvei,EUR,ninja corp,DISCOUNT_FEE,10/31/2025,VN
864.83,projectC,2d8aef79-3a08-468c-8de5-db112f2e984a,Nuvei,GBP,metasa-m,VAT,10/22/2025,TL
91.36,projectB,c8cbaa5d-e33b-4200-8a46-3df79164d68e,FS Acquiring,GBP,proto-m,CHARGEBACK,10/18/2025,GT
600.25,projectA,9dc93fe6-5e97-439e-a967-dd7769e33fd9,Nuvei,USD,ninja corp,VAT,10/6/2025,BJ
959.42,projectB,c9434730-ea0a-493f-935d-129c7cf8ebfb,stripe,EUR,metasa-m,SALE,10/14/2025,TZ
795.57,projectB,72c1f5e9-3026-480b-a312-08d69fd68318,stripe,EUR,ninja corp,CAPTURE_FEE,10/12/2025,RE
343.29,projectA,a0a9c06b-b358-41bc-ac7c-cc1fd3ba3c40,FS Acquiring,GBP,metasa-m,VAT,10/2/2025,DJ
229.07,projectA,d5d8919f-33a8-4b9c-a810-33d7429e5e46,FS Acquiring,USD,ninja corp,SALE,10/2/2025,GF
523.71,projectA,c5359295-93c4-463a-8cde-b1337cc402bb,stripe,USD,metasa-m,VAT,10/24/2025,LU
839.42,projectC,05479cc4-1e86-4a23-b48d-f93d17993bcf,stripe,USD,proto-m,REFUND,10/4/2025,LY
53.42,projectB,9f6f77c4-991b-4909-821d-42c3e8439dc2,FS Acquiring,EUR,metasa-m,VAT,10/12/2025,SI
260.1,projectC,6ee6c57b-50fe-4595-a4c5-53963fffc948,stripe,GBP,metasa-m,REFUND,10/12/2025,TV
130.26,projectB,2f2dc8e0-0758-4b52-9013-1cb5b8cf8167,Nuvei,USD,ninja corp,REFUND,10/27/2025,FO
113.55,projectC,b309bbcc-295e-445b-bad2-6d54ac1a334c,FS Acquiring,USD,metasa-m,CHARGEBACK,10/19/2025,SZ
744.19,projectC,dd4054b6-c537-4e9e-83d0-f9d2363d8788,FS Acquiring,GBP,proto-m,CHARGEBACK,10/31/2025,GU
665.58,projectC,f63f72ec-f520-4450-a90a-2eb58cea73ee,stripe,GBP,proto-m,CHARGEBACK,10/14/2025,HK
166.75,projectB,31acf44e-d213-47ee-a885-53b0ffd57caf,stripe,GBP,ninja corp,SALE,10/11/2025,UY
557.66,projectA,3e1a0b9a-a0bf-43ac-8ba6-3d7ae4b1a0aa,Nuvei,GBP,metasa-m,VAT,10/18/2025,TL
171.2,projectA,f35da7db-e5eb-449c-9067-dde554bbaae4,FS Acquiring,USD,metasa-m,VAT,10/11/2025,BA
1.32,projectA,6aebfcd4-76c4-4960-aedd-6e65d5802055,Nuvei,GBP,ninja corp,DISCOUNT_FEE,10/10/2025,DJ
676.93,projectC,58bfe194-111e-4278-b305-b79f1f6fb241,Nuvei,GBP,proto-m,VAT,10/15/2025,IL
60.35,projectA,48a971ed-4dfe-4d4d-a3c1-c010ff0969e7,stripe,USD,proto-m,REFUND,10/18/2025,CU
800.39,projectA,9c694e9d-c09b-42ad-b531-a5576ae651e5,Nuvei,GBP,ninja corp,REFUND,10/6/2025,CA
598.26,projectA,46a492d0-24b3-488c-b4b7-152b90861ed9,FS Acquiring,USD,ninja corp,CAPTURE_FEE,10/8/2025,AG
607.92,projectB,bc3b01c3-095e-417c-90e0-a778d2934114,stripe,EUR,ninja corp,DISCOUNT_FEE,10/13/2025,SC
97.32,projectC,80dded05-0a39-466b-90a5-ab7401af17b6,Nuvei,USD,metasa-m,REFUND,10/5/2025,LA
925.81,projectB,e0f21512-5d51-459a-9e4f-848c568b3013,Nuvei,EUR,proto-m,SALE,10/22/2025,BZ
376.09,projectA,635be554-c74e-435f-8116-986c985c0819,stripe,EUR,ninja corp,VAT,10/7/2025,SY
484.67,projectC,11d8ab78-c405-4a38-af38-bd97b936a680,FS Acquiring,EUR,proto-m,SALE,10/3/2025,PG
685.78,projectA,a2663d93-3f1e-4e10-970e-a907691aec35,FS Acquiring,EUR,proto-m,SALE,10/23/2025,IE
475.31,projectC,5688db2b-47d0-4c76-bfc5-8e9eb91d6dd5,FS Acquiring,EUR,proto-m,SALE,10/4/2025,SM
285.15,projectA,0742eb6d-1dca-4af3-997f-4f2cd8a7f440,stripe,GBP,proto-m,CHARGEBACK,10/13/2025,LS
417.52,projectA,8627b839-42b3-41d9-933d-922114b73aa6,FS Acquiring,EUR,proto-m,SALE,10/9/2025,ZM
567.63,projectA,47e48477-4aff-4193-b307-3f8d92739aee,FS Acquiring,USD,proto-m,DISCOUNT_FEE,10/18/2025,TZ
751.12,projectA,fda92479-e2da-41e4-b0c8-9df55c718dc2,stripe,USD,metasa-m,CAPTURE_FEE,10/21/2025,SM
452.58,projectA,e2dd0031-e3de-40cb-b06a-089f9245a7bd,FS Acquiring,USD,ninja corp,VAT,10/14/2025,NI
282.51,projectA,f0143148-6234-41c9-8021-bcecf9bb3c81,Nuvei,USD,ninja corp,REFUND,10/1/2025,TC
954.9,projectB,60da6010-16b9-41a4-bd24-840001a1db1c,FS Acquiring,GBP,metasa-m,REFUND,10/31/2025,AX
281.64,projectB,6f89b748-9393-4e0f-a592-6a37e885429c,FS Acquiring,USD,metasa-m,CAPTURE_FEE,10/2/2025,AZ
216.82,projectC,d4ba6844-1618-4b88-8f14-5a7045e379d1,Nuvei,EUR,ninja corp,VAT,10/13/2025,CW
462.18,projectA,25bdbcce-0bff-4b5f-8b98-aa2289364cef,stripe,USD,metasa-m,CAPTURE_FEE,10/9/2025,MZ
595.08,projectB,0937c575-90de-4387-99dc-781f8a9cca66,stripe,EUR,ninja corp,CHARGEBACK,10/31/2025,TC
84.24,projectB,5513513c-be01-4e4e-8a15-c602fae1d5be,stripe,EUR,metasa-m,CHARGEBACK,10/31/2025,GQ
161.4,projectA,4bf8526b-f9ea-4999-a8de-146a189d9e27,stripe,GBP,proto-m,SALE,10/12/2025,RU
577.44,projectC,1c2d5578-3adb-4bc8-9699-9e44389c60c8,Nuvei,GBP,ninja corp,REFUND,10/15/2025,NR
676.82,projectB,a46c8a57-eb83-48f4-89fc-c2b4924217ad,Nuvei,EUR,proto-m,CHARGEBACK,10/22/2025,SS
196.21,projectA,cebf02bc-0ad5-41d5-b7ce-fcf81c159756,stripe,GBP,proto-m,VAT,10/14/2025,BH
848.45,projectB,79fbd179-460b-44ae-98e5-5605a7754573,FS Acquiring,USD,metasa-m,REFUND,10/17/2025,SA
765.01,projectC,e14a7407-a914-417e-9c79-ebaabdc2c1a4,Nuvei,GBP,ninja corp,VAT,10/28/2025,AM
660.31,projectB,ec80e688-73c7-4306-bb83-cc8845b69e0e,FS Acquiring,USD,ninja corp,CHARGEBACK,10/13/2025,KZ
744.43,projectB,6d246947-9b64-4b08-8121-b8ec6ade2aa3,Nuvei,EUR,metasa-m,SALE,10/10/2025,SJ
889.17,projectB,054301df-6e4e-4e8d-bbb1-1694fce51c84,Nuvei,EUR,metasa-m,VAT,10/5/2025,CY
182,projectB,fbe7978b-95a5-4aa2-b6c5-f967ebba56c1,FS Acquiring,GBP,proto-m,REFUND,10/23/2025,IT
504.64,projectC,e5acea91-e45d-4b22-b226-f9d0a5e59ee6,stripe,EUR,ninja corp,SALE,10/19/2025,GP
780.83,projectC,20335572-a860-4a04-a7cb-865338bb5bed,stripe,GBP,proto-m,CAPTURE_FEE,10/21/2025,KW
451.54,projectA,2156f6eb-905e-4929-bd0d-4701b8f0fc76,FS Acquiring,USD,metasa-m,VAT,10/9/2025,PE
751.03,projectC,85ce2aa8-c81a-4964-a851-a8af39044a13,Nuvei,GBP,metasa-m,VAT,10/2/2025,FJ
479,projectA,28958fbb-0279-4510-970a-18c455d13852,Nuvei,GBP,metasa-m,REFUND,10/23/2025,MT
365.2,projectA,359eaafe-d383-42b1-a988-1155639b6e3b,FS Acquiring,EUR,proto-m,VAT,10/5/2025,BB
163.68,projectA,977a6c26-fb29-41ab-b2f2-2be474462c00,Nuvei,GBP,ninja corp,DISCOUNT_FEE,10/14/2025,VN
126.67,projectB,4ac94a8a-b921-4759-904f-9ab9d40397fb,Nuvei,GBP,proto-m,REFUND,10/15/2025,EG
303.96,projectA,12c0e550-b5b1-49f9-8e74-89518d59e50d,stripe,USD,proto-m,DISCOUNT_FEE,10/1/2025,KP
463.36,projectC,27fdf84b-989c-4973-a8b1-ff04896d5b67,FS Acquiring,GBP,metasa-m,REFUND,10/4/2025,SC
933.23,projectB,aa4dfb9f-f58e-4fba-869c-10ffec9a8a88,FS Acquiring,USD,ninja corp,CAPTURE_FEE,10/5/2025,LB
381.66,projectA,948194b5-0513-4482-a7bd-6282762d4316,stripe,EUR,proto-m,SALE,10/14/2025,QA
364.98,projectB,57376d40-868c-4760-86cf-b409ffa8ee8d,FS Acquiring,GBP,proto-m,REFUND,10/2/2025,VA
982.36,projectB,ec1ceb49-64cb-4660-93a2-f3c310c8f672,Nuvei,GBP,ninja corp,VAT,10/10/2025,KG
565.56,projectB,113dc0df-72b6-41e5-9406-6a921b2a4bb4,FS Acquiring,EUR,metasa-m,CHARGEBACK,10/29/2025,LU
104.22,projectC,ee06ea22-3b13-4ef6-8154-e3b2294f9b23,FS Acquiring,EUR,ninja corp,VAT,10/26/2025,BA
696.64,projectB,05992d26-a0f2-4f79-8e9d-af9218100dac,FS Acquiring,USD,proto-m,CAPTURE_FEE,10/7/2025,SM
417.98,projectA,21d6b6de-9635-446a-b1ca-aaebabafd3a3,FS Acquiring,EUR,proto-m,SALE,10/22/2025,HT
999.22,projectA,c3993805-ba25-4570-9fc5-6967beb8e39b,stripe,USD,proto-m,REFUND,10/21/2025,BO
204.57,projectA,fd891dc9-2520-4a07-a80f-b379d69e6d15,FS Acquiring,EUR,ninja corp,REFUND,10/16/2025,CG
342.67,projectA,51584a66-feed-4dc5-95e5-a20f8984c608,Nuvei,USD,metasa-m,CHARGEBACK,10/29/2025,YT
92.02,projectA,8ed9bcc2-acf9-41f2-a847-d873121ca00a,FS Acquiring,GBP,proto-m,DISCOUNT_FEE,10/6/2025,MC
707.69,projectB,e2aae718-19c3-4e1d-a1ab-24f39d2039fa,stripe,GBP,proto-m,CHARGEBACK,10/20/2025,ZA
242.23,projectA,34269499-bedc-4675-9aef-92d4a9e0586d,Nuvei,GBP,proto-m,CAPTURE_FEE,10/20/2025,NU
807.46,projectB,c8031807-7eab-4c8e-8609-006cca08f60d,Nuvei,USD,ninja corp,DISCOUNT_FEE,10/16/2025,BV
232.64,projectA,9cc9836f-d083-4b6f-ba93-3ba132151320,Nuvei,EUR,proto-m,DISCOUNT_FEE,10/1/2025,PL
240.16,projectC,590bbcd8-9e11-4b03-9cdb-30f584a67146,stripe,GBP,proto-m,CAPTURE_FEE,10/5/2025,EH
942.4,projectA,f707e099-8988-4907-a9bc-80fd4cda2393,Nuvei,USD,proto-m,SALE,10/23/2025,GH
799.5,projectB,f8db0933-575f-4db4-bfc8-518c31630fca,Nuvei,EUR,metasa-m,VAT,10/13/2025,YE
966.56,projectA,0191f49d-a394-40f0-b0c0-4893834c1c83,stripe,GBP,proto-m,VAT,10/19/2025,GH
313.67,projectC,b1bb8da7-d5ba-40ce-bcc1-4179e8efa1e9,FS Acquiring,EUR,ninja corp,REFUND,10/12/2025,SS
446.04,projectB,6ec591b1-b308-4420-9c44-06970cc65ff7,Nuvei,EUR,proto-m,SALE,10/9/2025,AG
936.44,projectB,b3cf06e2-bb12-4d32-b2a8-a2fc1ae704f7,Nuvei,GBP,proto-m,VAT,10/21/2025,CO
112.7,projectA,76458adc-0b63-42aa-9e06-651cf22275aa,stripe,EUR,metasa-m,VAT,10/2/2025,IE
283.53,projectC,9af963c9-db28-43c7-9a40-c7821be24075,stripe,EUR,ninja corp,SALE,10/11/2025,ML
966.55,projectB,4a40c873-9fb1-4871-be63-fc94cb7a72d4,Nuvei,GBP,ninja corp,VAT,10/9/2025,KM
495.76,projectA,cc88db1d-56bd-49b2-83c7-45376a327ec7,FS Acquiring,USD,metasa-m,SALE,10/18/2025,SJ
461.52,projectA,8cd81e3b-203a-479c-a3c6-3691f8417dff,FS Acquiring,GBP,metasa-m,CHARGEBACK,10/18/2025,LT
652.42,projectA,0cd57aa7-dfb1-40b4-8e51-f0e7b409a9a2,FS Acquiring,GBP,metasa-m,SALE,10/2/2025,MN
184.25,projectC,8973fcb2-7779-4827-94b2-30df824f0db2,stripe,GBP,proto-m,DISCOUNT_FEE,10/22/2025,ZA
702.62,projectC,d4850a61-9b67-4313-a0ff-d674276a00f6,stripe,EUR,metasa-m,VAT,10/14/2025,GI
121.81,projectC,deef20fc-6152-44d6-8878-04315913df7d,Nuvei,USD,proto-m,CAPTURE_FEE,10/19/2025,NF
775.22,projectB,8c1d985a-d323-4f43-87b6-8008f6e03e91,stripe,EUR,metasa-m,VAT,10/28/2025,CW
808.75,projectB,b7f0b816-b62d-4a23-bdf7-e23bfae45b51,stripe,GBP,metasa-m,SALE,10/7/2025,DM
633.12,projectB,07c07814-c236-49d0-a216-c53fe434e61e,stripe,USD,ninja corp,CHARGEBACK,10/12/2025,PF
315.17,projectB,4cc1eca9-953f-41d7-a061-610a921e04a2,FS Acquiring,GBP,proto-m,SALE,10/28/2025,GS
449.04,projectA,512c6a34-5dfb-495c-8134-37e62fdf334a,stripe,GBP,ninja corp,REFUND,10/22/2025,MG
424.31,projectA,19c5c6ad-a0cb-44e1-852b-9b6f44da9fbe,FS Acquiring,GBP,metasa-m,REFUND,10/12/2025,LB
939.75,projectC,54f3a64b-4fb5-4196-a63a-bf94f4c2c701,FS Acquiring,EUR,proto-m,VAT,10/19/2025,DE
829.12,projectB,918f9163-2a7d-4d4b-a53c-ac79c9670d21,Nuvei,USD,metasa-m,DISCOUNT_FEE,10/15/2025,HU
509.51,projectC,00d9aa13-5d6b-437b-913b-95b01b846795,FS Acquiring,GBP,proto-m,SALE,10/15/2025,SN
897.99,projectB,e1afe264-5bb4-4f83-956d-70e862047637,Nuvei,USD,ninja corp,CAPTURE_FEE,10/7/2025,TO
910.74,projectC,11c10975-38df-4894-b60f-35e20910b0e3,FS Acquiring,EUR,ninja corp,REFUND,10/18/2025,MA
3.86,projectA,e746075b-8e02-4698-a7e1-9743869a68d7,Nuvei,GBP,metasa-m,VAT,10/24/2025,AG
446.63,projectB,bb83290e-75f9-49b5-808a-718d14a7cf73,Nuvei,USD,metasa-m,DISCOUNT_FEE,10/22/2025,TF
211.85,projectA,e7d7f003-215d-451d-a99d-d8e549bf2b6e,stripe,GBP,metasa-m,REFUND,10/31/2025,CN
436.6,projectB,02083016-32d4-4a31-9a37-9733b3544042,Nuvei,USD,proto-m,VAT,10/19/2025,IE
987.15,projectC,6cb7c98f-cddd-413f-a5cb-001206f2d921,stripe,USD,metasa-m,CHARGEBACK,10/2/2025,CC
668.31,projectC,11dc37d7-8179-42c7-9926-5aedf765d77d,FS Acquiring,GBP,metasa-m,SALE,10/23/2025,ML
44.74,projectA,e08c708f-340f-453b-8cd7-79762f04d72f,Nuvei,GBP,ninja corp,CHARGEBACK,10/2/2025,AL
546.15,projectC,cd7b7c91-efc7-4cdd-b148-88685ab7c276,Nuvei,EUR,metasa-m,CAPTURE_FEE,10/12/2025,AT
953.7,projectC,88784f38-64c7-45e3-830d-19a77eb416bb,Nuvei,EUR,ninja corp,CHARGEBACK,10/5/2025,AW
124.16,projectC,1b36fe7e-a195-4ba0-a221-2ca53a4a0d4a,stripe,EUR,metasa-m,CAPTURE_FEE,10/7/2025,RU
837.11,projectB,82010fb8-f2e6-4fee-bdda-76776c001fed,FS Acquiring,EUR,proto-m,SALE,10/2/2025,MC
854.47,projectB,440ca95b-d2bd-447a-8c00-becffdf4b5a7,Nuvei,EUR,metasa-m,SALE,10/6/2025,GT
988.69,projectB,41d0bd1b-dbf0-4527-81bc-dce9ca013bc6,FS Acquiring,EUR,metasa-m,SALE,10/2/2025,QA
121.05,projectA,67b81c58-f5f0-4296-adac-316413bc8109,Nuvei,USD,ninja corp,CHARGEBACK,10/20/2025,NF
886.28,projectC,5b21984b-169d-455e-9394-daed7f3bc9a2,Nuvei,EUR,metasa-m,DISCOUNT_FEE,10/2/2025,UZ
293.19,projectA,61d12f17-21a0-49b5-9172-bf88dca5c07c,stripe,GBP,proto-m,SALE,10/8/2025,ZW
561.1,projectA,3414d5d1-95e7-4edf-bfd7-7747411c557a,Nuvei,GBP,proto-m,VAT,10/16/2025,AS
781.42,projectA,8c4d19ba-ea91-4743-a105-7a3347a6d8aa,Nuvei,GBP,ninja corp,REFUND,10/11/2025,HU
294.16,projectA,a0415729-4677-4711-ac60-b280d9b72818,stripe,EUR,proto-m,DISCOUNT_FEE,10/9/2025,MC
680.28,projectA,3c9971a2-3441-46e3-826b-8066e9f88024,stripe,EUR,ninja corp,DISCOUNT_FEE,10/13/2025,HR
911.54,projectC,26b1faa5-e9d6-42b1-9dca-0cca043cda85,FS Acquiring,USD,ninja corp,DISCOUNT_FEE,10/29/2025,SC
160.98,projectC,41835461-eee4-4d23-a3b4-fd7c8d244611,Nuvei,GBP,metasa-m,DISCOUNT_FEE,10/26/2025,NF
450.49,projectC,979b5573-0d1e-4243-9429-52b44e0ebfaf,FS Acquiring,GBP,proto-m,SALE,10/4/2025,TM
581.8,projectA,fd9beb6d-7c93-4521-b782-f64e94144878,FS Acquiring,EUR,metasa-m,DISCOUNT_FEE,10/4/2025,SS
147.28,projectA,3eb8bcc7-64c9-4a42-a3f6-7bcce812df70,FS Acquiring,EUR,ninja corp,CHARGEBACK,10/31/2025,GA
150.03,projectB,9f843f6e-cfb9-48a4-8f6d-105d57c7ab29,FS Acquiring,EUR,proto-m,DISCOUNT_FEE,10/9/2025,IE
772.66,projectA,4ce765c3-3797-4e97-bb05-c2d39220b033,stripe,USD,ninja corp,DISCOUNT_FEE,10/5/2025,MA
815.88,projectA,65aad984-7d4b-49b1-b31b-bde884d8b46c,stripe,GBP,proto-m,CAPTURE_FEE,10/17/2025,NP
392.49,projectC,9d9da50a-6d8c-491d-88bf-106591d11030,FS Acquiring,USD,ninja corp,CAPTURE_FEE,10/23/2025,AM
42.34,projectA,50138653-b2e5-4909-ab25-4f9d6ba837ac,FS Acquiring,USD,metasa-m,VAT,10/24/2025,VU
651.26,projectC,c802d987-4416-455c-8e14-4413284e4d1d,stripe,EUR,metasa-m,CAPTURE_FEE,10/30/2025,CR
521.72,projectB,9c1f6437-0317-4ac4-a173-28d66243f839,FS Acquiring,USD,ninja corp,REFUND,10/4/2025,EE
984.44,projectA,06d411c5-23cc-4f88-9b1b-4d680ccb7942,stripe,EUR,ninja corp,CHARGEBACK,10/5/2025,FJ
169.42,projectB,ddb494d5-7305-4e7e-8dc2-cfda3d7fd09a,FS Acquiring,USD,ninja corp,DISCOUNT_FEE,10/5/2025,SG
626.39,projectA,8a62582e-cb26-4e0d-ae09-2aefc700cbcf,stripe,USD,proto-m,DISCOUNT_FEE,10/8/2025,CG
447.97,projectC,44611b84-3639-4b3d-a793-23cd01f40eda,stripe,EUR,ninja corp,CHARGEBACK,10/23/2025,MP
373.78,projectA,922babfa-ecdd-4281-b2e2-6e6c23fbec6e,Nuvei,USD,ninja corp,VAT,10/10/2025,AL
924.22,projectA,2a70f468-9bd2-4392-8628-f95c61012fe6,FS Acquiring,GBP,ninja corp,VAT,10/23/2025,WS
518.76,projectB,58aa7678-fba0-4766-9eef-2970633f0766,FS Acquiring,USD,ninja corp,SALE,10/16/2025,MZ
664.86,projectC,478393a5-61ff-43fc-bc26-69ad9f2693f3,FS Acquiring,USD,metasa-m,DISCOUNT_FEE,10/15/2025,AT
325.59,projectC,f5941b41-f63a-46ce-8994-83c3db297c21,FS Acquiring,GBP,ninja corp,CHARGEBACK,10/2/2025,TR
243.96,projectC,408d4cd7-677d-481b-bfe0-ad9192f7bb57,stripe,EUR,proto-m,SALE,10/1/2025,NP
32.42,projectA,08813648-bd73-450b-8f5c-33a1b61d5472,stripe,EUR,proto-m,VAT,10/16/2025,NA
905.52,projectB,180bbf52-6abc-4768-ba69-cac26ae1e57d,FS Acquiring,USD,ninja corp,REFUND,10/26/2025,TH
495.62,projectB,5a60069c-2a01-4100-bb0d-c15283cd273d,stripe,EUR,ninja corp,DISCOUNT_FEE,10/30/2025,PK
458.7,projectC,852fd26c-eb15-43ef-8632-39f35757709a,Nuvei,USD,metasa-m,VAT,10/15/2025,TO
298.92,projectC,57bf5ca7-e896-4fd1-a24a-a01bf3778b7c,Nuvei,GBP,metasa-m,VAT,10/28/2025,DJ
145.86,projectA,0f1231e1-ad5b-4c53-8838-e966267dd2f7,Nuvei,USD,metasa-m,SALE,10/23/2025,CN
739.11,projectC,1bf0fd2c-5d7e-43ea-9ac5-6387391fcadd,stripe,EUR,ninja corp,VAT,10/14/2025,ZM
228.84,projectC,feb54783-7b3f-48c8-8fb6-6c269b128858,FS Acquiring,GBP,proto-m,REFUND,10/4/2025,WF
532.91,projectA,5f0027cd-a436-458e-89e1-40e2a985efd8,stripe,USD,ninja corp,REFUND,10/18/2025,IM
894.71,projectA,9463d1a7-e9a7-4ee4-84e9-6ffdc9cf09e9,FS Acquiring,EUR,ninja corp,CAPTURE_FEE,10/23/2025,MA
53.76,projectA,1fe968cd-6e84-4d69-9248-32d45f3bf2a9,Nuvei,EUR,metasa-m,DISCOUNT_FEE,10/5/2025,AL
803.08,projectB,a9d5516e-c6b6-4c33-9fde-6e5468dc6256,Nuvei,USD,proto-m,REFUND,10/22/2025,SO
495.45,projectC,f14c3605-d334-44a2-be71-6911e8ea86ac,Nuvei,EUR,metasa-m,REFUND,10/27/2025,SA
975.2,projectB,cd711ec7-e0d4-4e7d-8d1a-7b9c9fd47581,Nuvei,EUR,proto-m,DISCOUNT_FEE,10/9/2025,TL
549.61,projectC,9f37a1fe-8bef-43b2-8051-b96ec62f27d3,FS Acquiring,EUR,metasa-m,REFUND,10/9/2025,AF
51.42,projectC,791c90cd-ffa6-480e-b34c-ac43aa576ae9,stripe,GBP,metasa-m,CAPTURE_FEE,10/15/2025,VC
221.5,projectC,6235e13b-bd15-4bcc-8a1f-b0997785bf2f,stripe,GBP,metasa-m,VAT,10/17/2025,CZ
949.59,projectC,7da8fa50-0c5a-46d2-a7e2-1622b0967e04,stripe,USD,metasa-m,REFUND,10/20/2025,TC
136.79,projectB,2a7619e1-7c61-4359-87fe-4be846fcc20e,FS Acquiring,GBP,proto-m,SALE,10/29/2025,IM
437.11,projectB,7f7e840f-2475-4bcd-94e0-5e8c8feb0f43,FS Acquiring,USD,ninja corp,SALE,10/18/2025,CA
38.27,projectC,a55afa0b-f949-4051-b2df-a68fdf1ce852,Nuvei,EUR,ninja corp,VAT,10/12/2025,LK
674.3,projectC,2a41fb8b-4401-4506-8edd-b6aca66d576b,Nuvei,USD,ninja corp,CAPTURE_FEE,10/4/2025,RU
473.98,projectA,c0b846fe-08b1-4120-8e80-3c765085d9c5,FS Acquiring,GBP,ninja corp,REFUND,10/14/2025,GP
980.62,projectB,df9f3452-7d0d-46e6-9063-7be7c6206c83,FS Acquiring,GBP,proto-m,DISCOUNT_FEE,10/20/2025,AW
446.6,projectC,797141dd-96f0-45cb-83f1-5410a35a8b7d,FS Acquiring,GBP,metasa-m,CHARGEBACK,10/19/2025,ZM
179.63,projectC,81323460-de84-4b78-b6d6-62b753e5af09,FS Acquiring,USD,ninja corp,CAPTURE_FEE,10/25/2025,NZ
529.81,projectC,29dce49c-5b2c-46ce-81c2-37f844698126,stripe,GBP,ninja corp,DISCOUNT_FEE,10/7/2025,PG
731.09,projectC,655c9ff4-ac6b-4869-aa40-3d622c62d7a9,Nuvei,USD,ninja corp,CHARGEBACK,10/14/2025,DZ
80.63,projectB,6998962f-37bd-4e15-8079-e83759019c8d,Nuvei,EUR,metasa-m,VAT,10/25/2025,TV
998.5,projectB,8f790c20-7690-4208-9645-86c1e0a63edb,Nuvei,USD,ninja corp,REFUND,10/30/2025,LI
523.9,projectB,d8206820-c568-492a-a2d9-c7f22ea2b0d5,Nuvei,EUR,proto-m,DISCOUNT_FEE,10/25/2025,BG
561.04,projectA,dedb5d03-6601-4899-8ef1-e6afa085260b,FS Acquiring,USD,metasa-m,CHARGEBACK,10/25/2025,TC
713.78,projectC,d9945a73-cbcd-4f68-81a4-afa6d6228d4d,FS Acquiring,GBP,metasa-m,CAPTURE_FEE,10/1/2025,EG
334.84,projectC,b5ec310d-5520-4657-91c0-246a5e03b25c,FS Acquiring,GBP,proto-m,VAT,10/16/2025,GY
219.71,projectA,8824c0ab-7f25-405b-9685-015d33b4e697,stripe,EUR,metasa-m,REFUND,10/13/2025,HM
437.31,projectC,bc58a6b0-2b74-464b-8a15-ef48820e3ccf,FS Acquiring,GBP,ninja corp,REFUND,10/7/2025,RW
170.89,projectC,ce54d7d8-5229-44b3-b2be-60680cd7c09c,FS Acquiring,USD,ninja corp,CHARGEBACK,10/11/2025,HR
420.22,projectA,993b3c25-fd6b-466d-a757-9bcf5854cc32,Nuvei,EUR,metasa-m,CHARGEBACK,10/31/2025,PW
850.84,projectB,01965f40-e4d2-4d18-95cf-dfae4b3f1227,stripe,USD,metasa-m,VAT,10/24/2025,GF
140.19,projectC,0883e74f-2761-45e1-8674-ee10145f25df,FS Acquiring,USD,metasa-m,VAT,10/25/2025,NE
852.65,projectC,e4446843-263c-465a-9997-131130e64c2c,Nuvei,GBP,proto-m,SALE,10/24/2025,DK
696.78,projectB,8dbb8740-47a2-421e-840f-a41601bda48b,FS Acquiring,EUR,proto-m,VAT,10/1/2025,AZ
454.14,projectA,41b26db8-d276-4021-afc2-ee2e963cebce,FS Acquiring,USD,proto-m,SALE,10/25/2025,VE
993.93,projectA,8de42dab-8e45-47ff-8ab8-83498d28bbf2,FS Acquiring,EUR,ninja corp,DISCOUNT_FEE,10/30/2025,LI
843.87,projectB,e6e7ba88-eed1-4a39-8fe6-32fcb014d25e,stripe,EUR,ninja corp,CHARGEBACK,10/8/2025,WF
694.95,projectC,afb46354-8bbf-44d8-bead-d37f29788890,stripe,USD,proto-m,VAT,10/25/2025,GQ
152.45,projectA,27a6d863-7b4d-4e8f-a1f1-bf8c7eab6df0,stripe,GBP,ninja corp,CAPTURE_FEE,10/6/2025,GR
904.03,projectB,6880f377-1185-4500-8df0-0a2bb5f8712b,Nuvei,USD,ninja corp,SALE,10/12/2025,CC
305.9,projectC,b3fa7eb3-acf6-4ec1-81dd-67c84ef05df2,stripe,USD,ninja corp,VAT,10/31/2025,GF
648.07,projectC,1e13b746-7fb3-4045-82e9-ccd1412d113a,stripe,USD,proto-m,DISCOUNT_FEE,10/8/2025,KM
380.61,projectB,7faf21fe-a25d-421c-b8e8-e77a559e5cef,FS Acquiring,GBP,proto-m,REFUND,10/3/2025,KW
73.62,projectA,f958462f-fa53-466b-8cc2-87948a055b8b,stripe,GBP,proto-m,CAPTURE_FEE,10/9/2025,GB
540.85,projectC,2758cb2e-281b-48b8-b40e-eb99e041a615,FS Acquiring,GBP,ninja corp,SALE,10/11/2025,MQ
639.64,projectB,f7545127-580c-4409-8738-faf76ead564b,stripe,EUR,metasa-m,CAPTURE_FEE,10/25/2025,SX
468.81,projectB,8da30561-9c9a-44de-89e9-123543db10e6,stripe,EUR,proto-m,DISCOUNT_FEE,10/2/2025,GQ
727.58,projectC,231f0a37-e551-4a1a-b886-2ffb4592fa45,stripe,GBP,metasa-m,CAPTURE_FEE,10/12/2025,ML
901.24,projectC,ddf754a6-f2c6-4cbf-b30d-22f0326db0b8,stripe,EUR,ninja corp,SALE,10/13/2025,KH
419.85,projectA,6d845a8e-e6fd-437d-89a3-2b5ded6291cb,stripe,EUR,proto-m,VAT,10/23/2025,BT
868.98,projectA,6165b912-b371-4509-be54-b37bc2915829,Nuvei,EUR,metasa-m,DISCOUNT_FEE,10/16/2025,MX
522.91,projectB,931f0794-9d7a-4aca-ad16-f7d08949d3fb,stripe,GBP,metasa-m,VAT,10/26/2025,MQ
802.57,projectA,70976009-7e40-4ce9-8d08-97e75023aa15,FS Acquiring,USD,ninja corp,CHARGEBACK,10/23/2025,OM
797.42,projectA,42efd067-cc76-43d8-8c80-b3dd043d7713,stripe,USD,ninja corp,SALE,10/27/2025,TV
520.62,projectC,91433c74-9452-4190-aaf3-533fb69da7fb,FS Acquiring,USD,proto-m,VAT,10/6/2025,IE
129.79,projectC,24a6c104-b414-4002-ba07-e6131fd079fc,stripe,GBP,ninja corp,DISCOUNT_FEE,10/28/2025,TW
471.02,projectB,22e93a76-8681-494f-b384-a32c4c7224ef,FS Acquiring,USD,metasa-m,DISCOUNT_FEE,10/14/2025,AQ
434.21,projectB,4f88a771-889c-46ab-99ca-362de7f85872,FS Acquiring,USD,ninja corp,DISCOUNT_FEE,10/1/2025,TL
169.82,projectB,9879a76f-d143-494e-8d6c-f1a9b37a8d5c,Nuvei,GBP,metasa-m,CAPTURE_FEE,10/17/2025,JO
951.9,projectC,6b37cb10-6b09-4526-9ad5-1edbe875e8f4,Nuvei,GBP,ninja corp,DISCOUNT_FEE,10/17/2025,TV
954.76,projectB,1d74c1ad-de7c-4355-86dd-bb35ab21c8cf,Nuvei,GBP,metasa-m,DISCOUNT_FEE,10/30/2025,RU
262.86,projectB,22a8263d-9cb4-494a-ba73-aa6fc20fe821,FS Acquiring,GBP,proto-m,CAPTURE_FEE,10/4/2025,PH
79.25,projectC,2ad405ab-c283-45d4-8ed6-64940c2489a4,Nuvei,GBP,ninja corp,CHARGEBACK,10/29/2025,GI
315.19,projectA,73a2ec5b-5a2c-4315-88f2-2e653d0bb40b,Nuvei,EUR,metasa-m,REFUND,10/7/2025,FI
19.84,projectC,e9f6444e-4d31-4fdf-aced-d5a8eee0e15f,FS Acquiring,EUR,metasa-m,VAT,10/6/2025,LR
335.39,projectB,cc6acfa4-68e3-466f-ae7c-e3a26d947659,stripe,EUR,proto-m,CAPTURE_FEE,10/15/2025,ME
655,projectC,0f8a9417-721b-4e57-9fea-03088cea77c3,FS Acquiring,GBP,proto-m,CHARGEBACK,10/12/2025,BY
660.61,projectB,f76a1d08-7e42-458d-bcf2-0fdaeb4aa696,stripe,USD,ninja corp,REFUND,10/5/2025,ZA
361.26,projectC,917b1d75-a6c0-4428-8771-adce2a5bbc46,FS Acquiring,EUR,metasa-m,SALE,10/5/2025,EH
995.13,projectC,06030e2a-fc16-43ea-9266-bff00e1b30ee,FS Acquiring,USD,ninja corp,CAPTURE_FEE,10/26/2025,PH
778.29,projectB,f7423a4c-a816-4427-886e-6394db3a21c4,Nuvei,GBP,proto-m,CAPTURE_FEE,10/5/2025,MP
81.32,projectA,1d39ac59-5d2f-4ec3-8219-6febea0dfc71,stripe,GBP,proto-m,CHARGEBACK,10/19/2025,ER
501.26,projectB,0080a14c-dd5b-4086-9255-dd617f1d06cb,FS Acquiring,GBP,proto-m,CAPTURE_FEE,10/3/2025,CD
801.01,projectC,778d192b-22bd-49a5-8642-3600f5aa4d19,Nuvei,EUR,proto-m,DISCOUNT_FEE,10/15/2025,AF
389.93,projectB,b535387c-7a99-47ef-a0fd-31055de0097c,stripe,EUR,ninja corp,SALE,10/22/2025,NA
245.89,projectC,b6d12d19-8e21-4f55-9301-b6fe9c7b2d36,stripe,USD,ninja corp,CHARGEBACK,10/6/2025,CI
144.87,projectA,00399f34-0e1e-4a5b-881f-79845e7423f9,FS Acquiring,EUR,ninja corp,CHARGEBACK,10/30/2025,MW
341.21,projectA,e5cc96e2-a200-4cd1-b1a9-9f2fd920aa14,Nuvei,GBP,ninja corp,VAT,10/20/2025,VN
484.62,projectC,cdd35eac-9d99-47e7-af99-6ae6a593c6f2,Nuvei,GBP,proto-m,DISCOUNT_FEE,10/30/2025,RS
271.99,projectC,b2761093-64ec-4eb9-af4f-eaa12aaa4da1,FS Acquiring,USD,ninja corp,SALE,10/18/2025,ZA
413.56,projectC,3d6f1a12-0d41-440b-aa52-b441da77d807,Nuvei,USD,metasa-m,DISCOUNT_FEE,10/14/2025,LY
679.03,projectC,3768cf5d-b230-4d0d-a1d3-75289ca930af,FS Acquiring,EUR,metasa-m,REFUND,10/19/2025,MT
196.53,projectB,e400c7ea-b017-4a73-a042-b00162f2f880,stripe,EUR,metasa-m,SALE,10/11/2025,DM
623.66,projectA,ec313ce6-e0b8-431c-beb9-b91717176fdd,Nuvei,EUR,ninja corp,CHARGEBACK,10/6/2025,MZ
908.14,projectC,c54fb4e6-7dbd-4c8d-a4f8-66495a8ebe93,stripe,EUR,ninja corp,DISCOUNT_FEE,10/5/2025,DO
993.63,projectA,e6774274-afe0-4706-b281-7e6963d66482,FS Acquiring,USD,metasa-m,VAT,10/4/2025,IE
121.42,projectA,6cec79a0-c35b-4521-b5db-5a181eae6b73,stripe,EUR,ninja corp,VAT,10/21/2025,IN
350.8,projectB,9cf4a899-0b97-421a-8535-d963cef2fdf3,FS Acquiring,EUR,proto-m,VAT,10/27/2025,MY
431.4,projectB,26986783-44e6-4bf2-b1db-d4b3744ec56e,Nuvei,EUR,proto-m,SALE,10/14/2025,FM
705.61,projectB,6ea802b1-9ded-4135-a055-c9dfb63fa4ed,FS Acquiring,GBP,ninja corp,REFUND,10/19/2025,LS
14.08,projectA,4717a1a2-4126-48a9-a0be-41b73e8a9446,stripe,GBP,ninja corp,REFUND,10/16/2025,ES
354.87,projectA,d2dd163c-b4a3-4d4d-adb3-27fe6da3a686,FS Acquiring,USD,ninja corp,DISCOUNT_FEE,10/1/2025,CH
188.86,projectB,ebdc6023-7797-4884-bd27-4eb65cb4f46e,Nuvei,EUR,ninja corp,DISCOUNT_FEE,10/4/2025,MD
582.33,projectA,e10fb967-106d-422b-a11a-95687c4ff131,stripe,EUR,metasa-m,VAT,10/23/2025,GH
672.6,projectB,7d223166-6ae6-4f52-af8f-bff056ec89ff,stripe,EUR,metasa-m,SALE,10/7/2025,NO
333.27,projectC,39da94f1-2947-4f14-b2c8-c94ec350fcff,stripe,USD,ninja corp,VAT,10/28/2025,SC
869.54,projectB,95312bf2-0d83-46cd-aebb-257a7384caf8,FS Acquiring,EUR,metasa-m,VAT,10/16/2025,JP
869.34,projectA,851858cc-61d7-466d-9a5e-4291c9523047,stripe,USD,proto-m,DISCOUNT_FEE,10/15/2025,BV
426.65,projectB,203b26b7-b2ae-4b16-ab87-1c352c691926,Nuvei,EUR,proto-m,VAT,10/3/2025,SC
332.36,projectB,3f7a9835-3586-495c-b1ec-493fedf5b4fa,stripe,USD,ninja corp,CAPTURE_FEE,10/15/2025,CI
786.76,projectA,bab69699-b65f-4105-8459-7ecba3b6583a,Nuvei,EUR,proto-m,SALE,10/2/2025,BA
878.5,projectB,c13fb9e5-dedf-470d-a1a0-636554ea8f04,Nuvei,USD,ninja corp,VAT,10/13/2025,RS
499.41,projectA,71589263-2b96-4fc1-bf86-2c8a7b29e2b1,FS Acquiring,GBP,proto-m,CHARGEBACK,10/18/2025,YT
163.12,projectC,b85f4619-9b86-4a68-9ba4-8d46d03de114,Nuvei,GBP,metasa-m,REFUND,10/4/2025,VU
880.58,projectC,180508db-9250-4168-b852-0f8188e73796,stripe,USD,proto-m,CHARGEBACK,10/21/2025,LU
916.86,projectB,07913971-8fcc-4140-996f-56ebbc875059,FS Acquiring,GBP,proto-m,REFUND,10/13/2025,GP
927.85,projectC,b951543f-10a8-402b-b48d-88264fb63f01,stripe,USD,proto-m,DISCOUNT_FEE,10/12/2025,HN
795.29,projectC,9a0cf2ed-d1d6-4694-ad71-dfd00506f020,Nuvei,GBP,metasa-m,CAPTURE_FEE,10/3/2025,BG
837.86,projectB,83195731-7ab0-40a1-8f32-8c83a410a301,stripe,GBP,ninja corp,SALE,10/23/2025,GP
390.91,projectC,52b29ffc-99ba-4223-9c58-bb215a737529,stripe,EUR,ninja corp,CHARGEBACK,10/19/2025,LY
798.96,projectB,c3a3c713-4685-4877-9241-aa7a5d82a846,stripe,GBP,metasa-m,CHARGEBACK,10/19/2025,PH
543.86,projectA,149d6275-7055-40e9-95b4-e626afbb81b4,FS Acquiring,EUR,proto-m,SALE,10/25/2025,DK
72.37,projectC,68f4b060-a24c-4195-9042-c877263b9fe8,FS Acquiring,EUR,ninja corp,CAPTURE_FEE,10/21/2025,MA
81.65,projectC,598d7939-8ccd-4e96-b8d6-5d4ade2ac0c4,stripe,EUR,metasa-m,REFUND,10/18/2025,IS
497.52,projectB,d8adffc1-0d3d-4f42-959d-4664fd5ea9cb,stripe,EUR,proto-m,CAPTURE_FEE,10/27/2025,GL
982.39,projectC,daca5569-5628-445c-9993-c73eefadb912,Nuvei,GBP,ninja corp,DISCOUNT_FEE,10/24/2025,GD
312.01,projectA,1a9749c0-3017-4db5-b002-ff855a97250a,Nuvei,USD,metasa-m,DISCOUNT_FEE,10/11/2025,PN
75.45,projectC,52d019c3-b936-4939-9a14-4d60deecd576,stripe,USD,ninja corp,CHARGEBACK,10/23/2025,TF
773,projectC,3584f25d-c666-471f-a3d4-634e48b0bc72,Nuvei,EUR,metasa-m,DISCOUNT_FEE,10/11/2025,JO
787.71,projectA,f18fb882-aab0-4b5a-a02d-f0a1a2ddc89b,Nuvei,USD,metasa-m,CAPTURE_FEE,10/25/2025,UY
998.29,projectA,5f7fed71-c78e-4fe3-bf76-225682af46e3,stripe,EUR,proto-m,VAT,10/5/2025,PK
750.45,projectC,426730a9-86dc-423b-ac3d-acda965c3c92,FS Acquiring,USD,metasa-m,CAPTURE_FEE,10/13/2025,MX
540.22,projectB,86c877c8-6505-4142-ad33-a4ad46daf4f3,FS Acquiring,EUR,proto-m,CHARGEBACK,10/22/2025,NL
992.4,projectB,159f93d4-a96e-442d-b2a5-e6a3512116b0,stripe,GBP,proto-m,SALE,10/24/2025,KR
602.71,projectB,1c785d22-abc5-44fa-bd28-6bf9b47c907a,stripe,GBP,proto-m,SALE,10/2/2025,LA
136.79,projectB,2c32cce7-4be0-4126-9e2d-3fef867e7c98,stripe,GBP,metasa-m,SALE,10/1/2025,ZM
127.63,projectC,adfb658b-d19e-4f32-a3ab-e63995c9117d,FS Acquiring,GBP,proto-m,SALE,10/20/2025,SS
529.24,projectB,9f6df091-5608-4fc6-82ec-7ee886be7cee,Nuvei,USD,proto-m,DISCOUNT_FEE,10/26/2025,VC
628.54,projectA,f241488c-8cab-40da-bc8b-dacea758b41e,Nuvei,EUR,ninja corp,SALE,10/3/2025,KZ
13.21,projectA,ad3e6167-655c-43c3-8dcf-3b8bd91648b8,FS Acquiring,USD,proto-m,VAT,10/29/2025,LY
362.12,projectA,0fd9ba7e-0463-4804-9113-9a17a7b7b345,Nuvei,EUR,proto-m,CHARGEBACK,10/11/2025,KM
189.89,projectC,f96475e4-aec0-43e8-b613-856cd4ae4c81,Nuvei,GBP,ninja corp,CAPTURE_FEE,10/2/2025,SS
798.23,projectC,e402aa1b-2677-4114-91d8-4a3f2f87705d,stripe,GBP,ninja corp,DISCOUNT_FEE,10/23/2025,TT
169.39,projectC,85a6d1df-be32-4896-9b1b-30dc98f41cb9,stripe,EUR,proto-m,CAPTURE_FEE,10/10/2025,EC
126.48,projectB,6f96d8ce-5697-47dc-8b13-c2bed1fc6d72,stripe,USD,proto-m,VAT,10/14/2025,LT
752.64,projectB,db14ae7d-8cc4-4e62-95b2-08a3e2b7620e,Nuvei,EUR,ninja corp,CAPTURE_FEE,10/21/2025,CU
219.69,projectC,5cc3ccda-2839-44d7-8356-7e8a9045458e,stripe,USD,proto-m,VAT,10/10/2025,CX
700.07,projectC,960fda0d-eac6-43bd-bebe-6f8cde608270,FS Acquiring,USD,metasa-m,SALE,10/16/2025,GG
526.11,projectA,192e6676-f632-4b8c-b03d-bb71365b4d2a,FS Acquiring,USD,metasa-m,CHARGEBACK,10/12/2025,CM
355.87,projectA,62805de4-9ba7-4944-b90c-e20a9fe18e0d,Nuvei,USD,metasa-m,DISCOUNT_FEE,10/8/2025,MF
510.9,projectA,f4fe53ee-2277-4647-868f-3b1f79ba7eae,stripe,GBP,proto-m,CAPTURE_FEE,10/25/2025,AZ
22.07,projectA,b5223652-5de5-42eb-a843-e8826536e4b4,Nuvei,EUR,ninja corp,CAPTURE_FEE,10/12/2025,AO
29.29,projectA,943d9efc-9153-48e9-a35c-7e27f18a3039,Nuvei,EUR,metasa-m,CHARGEBACK,10/11/2025,HN
697.48,projectA,b582a87b-27b1-497d-955a-9f813234b48f,Nuvei,EUR,ninja corp,SALE,10/15/2025,CX
719.98,projectC,d98888d0-8b1a-4f5f-b136-f485051ad4b0,Nuvei,USD,metasa-m,CHARGEBACK,10/21/2025,GY
780.45,projectC,11b74d6e-ea46-42d1-a7ea-29880ec92a9a,FS Acquiring,EUR,ninja corp,REFUND,10/3/2025,PT
732.9,projectA,e72515bd-2b69-4ca0-834a-6d34bd76935a,Nuvei,GBP,ninja corp,CAPTURE_FEE,10/6/2025,HN
642.68,projectB,b9cf1c85-e40b-4f11-93c2-73b5eb006342,FS Acquiring,EUR,proto-m,CHARGEBACK,10/2/2025,HK
250.42,projectA,bbeb746f-eb5d-4067-8fe5-f1f6f0c99627,FS Acquiring,GBP,proto-m,VAT,10/21/2025,MN
738.74,projectB,9d87f3ad-cf36-47c1-90b7-242af1f89180,stripe,GBP,ninja corp,CAPTURE_FEE,10/20/2025,AW
300.85,projectB,232645c5-c102-4354-962d-eda8ae659265,FS Acquiring,USD,proto-m,SALE,10/11/2025,DE
717.49,projectB,8ae45c3a-f9d8-496d-a453-723730495f1a,Nuvei,USD,metasa-m,CAPTURE_FEE,10/16/2025,MK
107.64,projectB,1c6ac8b3-a398-40d7-b1ad-bee3417549fc,Nuvei,GBP,ninja corp,CAPTURE_FEE,10/25/2025,TL
374.59,projectA,02394e7d-3cd5-4e90-b72d-27035ca78ae6,stripe,USD,ninja corp,CHARGEBACK,10/24/2025,CZ
701.44,projectB,bf312777-4c5a-41b8-8107-d5a0544edeb4,Nuvei,GBP,proto-m,CAPTURE_FEE,10/29/2025,NZ
395.43,projectA,c90aed2e-2085-4f76-b02a-d5781d021e58,Nuvei,GBP,proto-m,REFUND,10/12/2025,TR
482.09,projectC,e7adf5d5-3b7e-4096-ac24-128f94781ad7,FS Acquiring,GBP,ninja corp,VAT,10/18/2025,IO
338.2,projectA,40ce135c-3d90-447a-aecf-c4220c201ade,stripe,GBP,metasa-m,REFUND,10/4/2025,NI
49.33,projectB,3eb5a58f-cbe8-4759-8315-e277b3525a90,FS Acquiring,USD,ninja corp,CAPTURE_FEE,10/11/2025,JM
126.53,projectC,6bf36f5e-1c59-4cd5-aa6f-cc6cf07b172d,stripe,EUR,metasa-m,VAT,10/25/2025,SA
266.53,projectB,8232f8f7-c794-4daa-ac44-8299fdb740f2,Nuvei,GBP,proto-m,CAPTURE_FEE,10/2/2025,VN
447.24,projectC,1dedad5c-b436-427c-97d4-de8948981640,stripe,EUR,proto-m,REFUND,10/7/2025,PS
947.18,projectC,6744de94-eab6-43e7-a2b6-b397bccd5301,Nuvei,USD,ninja corp,VAT,10/4/2025,BT
566.17,projectB,846f97a3-8a2f-43d3-8d5c-cbe905ee0ce3,Nuvei,GBP,proto-m,REFUND,10/5/2025,MK
815.41,projectB,4929f9c7-7dc7-4965-afdc-d4a4d96668c0,FS Acquiring,EUR,ninja corp,CHARGEBACK,10/9/2025,DO
20.54,projectA,cf8245a5-9af3-454c-b548-1e943672c8eb,Nuvei,USD,proto-m,CHARGEBACK,10/15/2025,LB
243.09,projectB,bb5f2926-115b-477f-b9f7-6986f627cdb1,FS Acquiring,GBP,metasa-m,SALE,10/19/2025,CY
566.41,projectB,c897250f-a748-4686-987f-da3d5787c471,FS Acquiring,GBP,proto-m,DISCOUNT_FEE,10/2/2025,ID
390.92,projectA,a6d2d766-55cc-46eb-9867-05054c2e0751,stripe,USD,proto-m,SALE,10/29/2025,MX
513.66,projectC,31922df9-9682-4534-a61a-bfa5c248d468,stripe,USD,proto-m,VAT,10/1/2025,PA
318.72,projectC,bb249e43-7b22-4e27-aa5c-29b282f2ad7e,FS Acquiring,GBP,ninja corp,SALE,10/11/2025,CU
793.15,projectA,1f1b21a5-b208-458c-b344-ebbbdf4ede3a,Nuvei,GBP,ninja corp,CHARGEBACK,10/27/2025,FK
371.35,projectA,3c8c6745-3d60-4e56-ad57-fc280dc02cc9,stripe,GBP,metasa-m,VAT,10/8/2025,DM
277.46,projectC,d10cf58b-9d5c-4369-8c65-a98917d41077,FS Acquiring,USD,proto-m,VAT,10/6/2025,HR
850.6,projectC,63d86a95-213c-4d26-a66f-4ddb9883aa24,FS Acquiring,USD,ninja corp,REFUND,10/29/2025,SC
536.52,projectC,5585f525-9d6a-494d-8bb2-237b031dfb5e,Nuvei,USD,ninja corp,SALE,10/13/2025,HU
509,projectB,f92188b7-f141-4dbb-8c9a-2f25db8d3ef0,FS Acquiring,USD,ninja corp,CHARGEBACK,10/10/2025,SX
513.05,projectA,7a941bc5-b0cd-4fb8-a9d5-a427a8554b62,Nuvei,GBP,ninja corp,REFUND,10/31/2025,MK
282.29,projectB,77fb51cd-11dd-4993-88af-782a909d5e8d,Nuvei,USD,ninja corp,CAPTURE_FEE,10/7/2025,TL
582.29,projectB,1a192269-8e3e-427c-b13a-2620e0e34cf8,stripe,USD,proto-m,REFUND,10/20/2025,JP
405.88,projectC,ecfe10a8-18c8-430b-826b-0cc4fb09b8c2,stripe,EUR,ninja corp,VAT,10/25/2025,FR
949.94,projectB,67640da2-867a-4afc-a35a-6343e20b3139,Nuvei,USD,metasa-m,DISCOUNT_FEE,10/13/2025,ET
621.07,projectA,2343ecec-0768-4cf3-833b-88040d889868,Nuvei,GBP,metasa-m,REFUND,10/4/2025,NP
555.6,projectC,0c852105-70f4-43c2-982d-c1765d331c27,Nuvei,GBP,proto-m,SALE,10/18/2025,LR
415.16,projectB,76f414b1-4f59-4575-9012-ca0f069e89bd,FS Acquiring,EUR,proto-m,VAT,10/3/2025,TH
399.39,projectA,454ec802-ac4d-4773-ab12-de42c20f1883,stripe,USD,metasa-m,DISCOUNT_FEE,10/22/2025,SR
949.84,projectA,7d216d6d-9ff8-4a4a-b0aa-eca1fd6ac819,FS Acquiring,EUR,proto-m,DISCOUNT_FEE,10/5/2025,AU
94.5,projectA,7ac6c9ed-234e-47af-aac5-b345b152c086,Nuvei,GBP,metasa-m,REFUND,10/5/2025,GG
27.86,projectC,ac8c7940-6132-452e-8ea3-8fe6111d27be,FS Acquiring,USD,ninja corp,REFUND,10/29/2025,UZ
374.37,projectC,bd53d77e-ed29-4bac-a49f-f47e91ca2c64,stripe,GBP,metasa-m,DISCOUNT_FEE,10/13/2025,PW
106.52,projectA,5dbad83c-e003-4d87-8bb5-f4e6bcc72c0a,stripe,EUR,ninja corp,SALE,10/22/2025,DO
644.95,projectB,c6c86f09-119b-4c48-ae75-baef4404ff41,FS Acquiring,EUR,metasa-m,REFUND,10/13/2025,QA
370.12,projectC,76d0855d-1b7e-474d-89fc-7cbd5dbece53,FS Acquiring,GBP,metasa-m,REFUND,10/29/2025,TZ
399.88,projectC,856e2a25-d6b9-4453-b4cb-ef0ab1451007,stripe,USD,ninja corp,SALE,10/18/2025,KH
89.37,projectB,c1da23cc-0aa1-41a9-ba41-a1a78fca9f75,Nuvei,USD,proto-m,DISCOUNT_FEE,10/28/2025,AZ
29.8,projectA,05b99f02-fb78-4b43-89a6-fb7887b06fb4,stripe,EUR,ninja corp,CHARGEBACK,10/20/2025,BW
139.41,projectA,2207972d-627c-4f4f-a0e6-0e56755798c0,Nuvei,GBP,metasa-m,SALE,10/11/2025,IQ
81.02,projectB,4003ff6e-a573-4788-969b-16ca0e7adf19,Nuvei,EUR,proto-m,SALE,10/18/2025,MC
816.93,projectB,725d057a-61f8-4316-b548-5c6734f810b1,stripe,EUR,metasa-m,SALE,10/23/2025,KP
802.51,projectC,4921fa95-740c-4bef-9fd0-0d3a3bf03546,FS Acquiring,GBP,proto-m,VAT,10/14/2025,AR
899.74,projectA,c5496217-c7fe-4d08-a0bd-5013c94f46d0,Nuvei,GBP,ninja corp,REFUND,10/14/2025,RS
605.92,projectC,e5e5f3ad-e7d8-467f-8fa5-d0652ef21529,FS Acquiring,EUR,metasa-m,SALE,10/10/2025,SI
4.91,projectB,8d6925b7-fad0-4606-8c82-7d5dc59737a0,Nuvei,EUR,ninja corp,SALE,10/4/2025,AX
959.56,projectA,1c3c5ca9-6296-432a-b0d2-1fea40c2466f,stripe,USD,metasa-m,CHARGEBACK,10/11/2025,ID
555.93,projectB,dac8406b-9f0b-4186-be1c-935aa040f8c9,stripe,USD,metasa-m,VAT,10/15/2025,UZ
377.78,projectA,c09a3d2a-b624-40a5-9edc-e065f000af15,FS Acquiring,USD,metasa-m,CAPTURE_FEE,10/27/2025,PR
278.38,projectC,75b638ba-0aa9-490e-9af3-edb4fa321be9,FS Acquiring,EUR,ninja corp,REFUND,10/9/2025,NO
324.99,projectC,c21c8c27-8b29-44e4-8179-1e3f41e795b0,Nuvei,USD,proto-m,REFUND,10/15/2025,PA
347.09,projectB,82dbc6f2-dfc9-48c3-9bfa-6b9ad59c7eda,FS Acquiring,GBP,metasa-m,VAT,10/25/2025,DE
845.32,projectA,3e1acadb-f0b7-422b-81bc-fbcc177245b8,FS Acquiring,GBP,proto-m,DISCOUNT_FEE,10/12/2025,SR
475.25,projectC,ae331449-9389-42c1-b419-dfcd0b029a24,FS Acquiring,EUR,proto-m,CHARGEBACK,10/25/2025,BO
0.7,projectA,cffc29bd-20f4-489e-86e7-8b90e08335c7,FS Acquiring,GBP,metasa-m,VAT,10/14/2025,SM
399.68,projectB,7b212c5d-47b0-4ce0-b379-4e2d9603e085,Nuvei,GBP,ninja corp,CHARGEBACK,10/21/2025,PE
444.69,projectA,47576911-1655-4c4a-a39e-0fac4768f249,FS Acquiring,GBP,proto-m,DISCOUNT_FEE,10/17/2025,MN
617.83,projectB,0e4b16c2-dce7-4247-b959-0d98542adac3,Nuvei,USD,proto-m,DISCOUNT_FEE,10/9/2025,LK
195.39,projectC,3a30f3be-72a1-43c8-b223-c20fee63dea3,FS Acquiring,GBP,metasa-m,SALE,10/13/2025,PA
133.8,projectC,22b56e95-7853-4439-a34c-4103fe4ec8e5,FS Acquiring,GBP,proto-m,VAT,10/10/2025,FO
684.73,projectB,3d17aab5-d5f4-4b41-95ad-6529af2d7711,stripe,EUR,ninja corp,CHARGEBACK,10/15/2025,NR
472.12,projectC,69c81e88-b7ac-4858-890d-c732da26035f,Nuvei,GBP,proto-m,DISCOUNT_FEE,10/14/2025,NL
757.26,projectA,6f4daa58-96b4-48e4-b6ee-ad3724106130,stripe,GBP,proto-m,CAPTURE_FEE,10/3/2025,TF
435.27,projectA,b9dc6a1a-3f14-4c83-a4cd-278fc16473be,stripe,USD,metasa-m,REFUND,10/31/2025,PG
83.59,projectB,603d7ab4-05e8-49ff-ad9e-c18aacfbeda1,Nuvei,EUR,metasa-m,CHARGEBACK,10/2/2025,MN
133.03,projectB,2539d546-6825-4bc7-9576-02f57f37e35e,Nuvei,USD,ninja corp,DISCOUNT_FEE,10/9/2025,MT
256.81,projectA,7a34766d-29b6-452d-8281-929ad02b7e40,FS Acquiring,GBP,metasa-m,REFUND,10/1/2025,US
173.28,projectC,1ea9f8b8-5ed7-42d7-9f70-f52fddc1d159,FS Acquiring,USD,proto-m,DISCOUNT_FEE,10/19/2025,FK
780.68,projectB,b23603a0-db67-4646-9977-a34a637c3edf,Nuvei,GBP,ninja corp,VAT,10/22/2025,IN
742.83,projectB,83dad8eb-54ea-4e77-baa3-aef5ceacca61,stripe,EUR,proto-m,SALE,10/9/2025,PR
475.16,projectA,b4797d1a-8baa-4f4f-a70a-a1d9395560e8,FS Acquiring,GBP,proto-m,VAT,10/4/2025,NR
95.44,projectC,4f08b960-53f1-4a08-989f-d1582ed7878c,Nuvei,USD,metasa-m,CHARGEBACK,10/15/2025,RS
638.33,projectA,d8c466d4-ddad-42c9-86f1-a43883453e13,stripe,GBP,proto-m,DISCOUNT_FEE,10/18/2025,SO
998.67,projectC,ad856b2d-4910-4c14-990d-07337eafa465,stripe,EUR,metasa-m,SALE,10/19/2025,TV
463.51,projectA,abb7a680-7a35-4c97-b518-3a7af7ceb006,FS Acquiring,EUR,metasa-m,VAT,10/31/2025,SX
12.92,projectC,d8976151-5548-4db7-b0b2-8632349ed86a,Nuvei,GBP,metasa-m,REFUND,10/31/2025,IT
510,projectC,e73a5cc9-df85-40fb-8ce0-4d0384e9a52a,stripe,GBP,ninja corp,VAT,10/8/2025,DM
948.3,projectC,e29addb5-8a0f-4621-bfe6-339f48af00ae,stripe,USD,metasa-m,DISCOUNT_FEE,10/5/2025,LU
625.31,projectC,69e86f4c-daca-41a0-ab8a-79d3faa7b43d,Nuvei,GBP,metasa-m,DISCOUNT_FEE,10/1/2025,GB
660.03,projectC,9ee234bb-06d0-434c-b9d3-e8bbb35375ce,Nuvei,EUR,proto-m,CHARGEBACK,10/30/2025,NR
150.1,projectB,e37b3056-8d86-4c0c-8ca6-77361a4392b0,FS Acquiring,GBP,metasa-m,DISCOUNT_FEE,10/19/2025,BM
989.56,projectC,0ab2dadf-002f-43ce-b8e3-6095e82852b9,Nuvei,GBP,ninja corp,VAT,10/13/2025,GA
485.13,projectA,c6a177c0-c5fe-43fa-9381-6d55ed3552f8,FS Acquiring,GBP,ninja corp,DISCOUNT_FEE,10/8/2025,LT
846.37,projectB,76eebbfe-89ec-47bf-b720-a689b419759f,stripe,GBP,metasa-m,REFUND,10/4/2025,FK
121.77,projectA,42638c8a-d51c-4080-8a0e-9ab67bb46074,Nuvei,USD,proto-m,REFUND,10/21/2025,VE
854.43,projectC,7b44cbe5-72a6-4478-87a9-967004445238,stripe,USD,ninja corp,CHARGEBACK,10/26/2025,MX
760.28,projectB,4e0a3e58-7f47-4413-b39a-c15c4f870885,stripe,EUR,proto-m,REFUND,10/8/2025,RO
309.48,projectA,cc345a15-71d8-4bfc-ab3f-f815a101954b,stripe,EUR,metasa-m,DISCOUNT_FEE,10/4/2025,SN
289.1,projectA,18784c74-8a64-437a-80da-54b560fb129e,stripe,GBP,metasa-m,REFUND,10/12/2025,HR
854.58,projectC,c914ca03-8a3f-4102-b8a6-b07b6271f091,FS Acquiring,EUR,ninja corp,DISCOUNT_FEE,10/1/2025,SC
458.53,projectA,4efeab03-3928-4462-a937-a606f69884f0,stripe,EUR,metasa-m,CAPTURE_FEE,10/19/2025,TH
505.64,projectA,040eac85-bdf1-4344-b6c8-bb2fcce8fbe5,Nuvei,USD,ninja corp,CAPTURE_FEE,10/13/2025,TD
469.15,projectA,c2660a25-af2f-4b73-a308-1035c2dc8588,stripe,EUR,metasa-m,REFUND,10/23/2025,TW
885.56,projectB,9b444010-1a2f-4c1c-9e4b-7e83c6acf63f,stripe,USD,ninja corp,CAPTURE_FEE,10/16/2025,UG
789.13,projectC,3c0a0130-2b83-446b-9b6a-eae1f3ca8a9d,FS Acquiring,EUR,metasa-m,CHARGEBACK,10/30/2025,CN
249.81,projectA,baef71ba-c931-4e58-bb05-7e73752d505e,FS Acquiring,USD,metasa-m,CHARGEBACK,10/19/2025,PY
305.36,projectB,f27a0e0c-45d9-401d-904b-f277528f26cc,stripe,GBP,proto-m,VAT,10/28/2025,SA
557.63,projectB,414ea7ec-d5ac-4b6d-bf70-21cbcdbef8de,Nuvei,EUR,ninja corp,SALE,10/4/2025,MQ
73.64,projectB,94786ba5-1d16-4f4c-bd6f-b81b4829a597,FS Acquiring,USD,metasa-m,VAT,10/16/2025,TV
22.38,projectB,2c05e981-7ca6-49d3-a0d2-9e5ac2fc1c1c,stripe,USD,metasa-m,REFUND,10/26/2025,CG
538.55,projectB,6e913ab5-56cf-4d6c-b8e9-0c2f222d71ba,FS Acquiring,GBP,metasa-m,VAT,10/31/2025,ZW
258.62,projectC,8bc060f4-ad6c-4d0f-9cd5-d4379b6fae14,FS Acquiring,GBP,metasa-m,VAT,10/15/2025,SV
461.69,projectA,56ad0b20-c895-462a-ab18-fc0705998e8c,stripe,USD,ninja corp,CHARGEBACK,10/8/2025,TN
817.33,projectC,b74930a2-331a-4c65-b5b7-40b63338ff86,FS Acquiring,GBP,ninja corp,CHARGEBACK,10/24/2025,NU
649.45,projectC,94f04f91-7899-4637-9b33-71fa1bdff8dd,Nuvei,USD,proto-m,CHARGEBACK,10/15/2025,DZ
584.01,projectB,73e558f2-7e95-4a5e-911b-7cb8a8df1408,stripe,USD,metasa-m,SALE,10/20/2025,PF
221.64,projectC,450e51c6-03d8-4fd3-958d-cd80bb9d58be,FS Acquiring,EUR,proto-m,VAT,10/13/2025,SM
108.46,projectC,24841b8c-27e6-4507-98a5-30b4a3256a0a,Nuvei,GBP,proto-m,SALE,10/31/2025,SN
319.8,projectC,eabb3c01-a109-416f-b82f-22bb2a48b795,Nuvei,GBP,metasa-m,CAPTURE_FEE,10/28/2025,EC
459.36,projectB,04960f65-ddb6-4566-b837-4c3cfdbf6f10,FS Acquiring,GBP,proto-m,REFUND,10/12/2025,BI
568.57,projectA,7c145bbd-f04c-4a3e-b021-ba3c7e2f84e8,FS Acquiring,GBP,proto-m,REFUND,10/12/2025,GY
971.72,projectB,fd5c136d-f854-4714-a742-bec6874d13cb,stripe,USD,metasa-m,SALE,10/2/2025,DK
884.14,projectB,1b4f9c3c-abbe-4b12-98f7-d03cf6e711d5,Nuvei,USD,ninja corp,VAT,10/22/2025,TT
41.49,projectA,da164b18-88e7-4fa9-b906-b528711a7235,FS Acquiring,GBP,ninja corp,REFUND,10/23/2025,MR
361.4,projectC,4aceb99b-6019-4177-a1ef-7223522ef18d,stripe,EUR,metasa-m,VAT,10/28/2025,SC
168.64,projectB,8beaf97d-00de-43bf-83a6-e76b3b1d938d,Nuvei,EUR,proto-m,REFUND,10/7/2025,UY
622.96,projectC,777e94ab-cb7b-4697-b080-854f1a9e8e5f,FS Acquiring,USD,proto-m,CHARGEBACK,10/1/2025,PE
